"filename", "language", "HTML", "XML", "JavaScript", "CSS", "JSON", "Markdown", "pip requirements", "Python", "comment", "blank", "total"
"c:\Users\User\Desktop\django-aiogram-bot\.idea\app.iml", "XML", 0, 15, 0, 0, 0, 0, 0, 0, 0, 0, 15
"c:\Users\User\Desktop\django-aiogram-bot\.idea\inspectionProfiles\Project_Default.xml", "XML", 0, 26, 0, 0, 0, 0, 0, 0, 0, 0, 26
"c:\Users\User\Desktop\django-aiogram-bot\.idea\inspectionProfiles\profiles_settings.xml", "XML", 0, 6, 0, 0, 0, 0, 0, 0, 0, 0, 6
"c:\Users\User\Desktop\django-aiogram-bot\.idea\misc.xml", "XML", 0, 7, 0, 0, 0, 0, 0, 0, 0, 0, 7
"c:\Users\User\Desktop\django-aiogram-bot\.idea\modules.xml", "XML", 0, 8, 0, 0, 0, 0, 0, 0, 0, 0, 8
"c:\Users\User\Desktop\django-aiogram-bot\.idea\vcs.xml", "XML", 0, 6, 0, 0, 0, 0, 0, 0, 0, 0, 6
"c:\Users\User\Desktop\django-aiogram-bot\README.md", "Markdown", 0, 0, 0, 0, 0, 10, 0, 0, 0, 4, 14
"c:\Users\User\Desktop\django-aiogram-bot\app\__init__.py", "Python", 0, 0, 0, 0, 0, 0, 0, 0, 0, 1, 1
"c:\Users\User\Desktop\django-aiogram-bot\app\asgi.py", "Python", 0, 0, 0, 0, 0, 0, 0, 4, 8, 5, 17
"c:\Users\User\Desktop\django-aiogram-bot\app\custom_admin\templates\__init__.py", "Python", 0, 0, 0, 0, 0, 0, 0, 0, 0, 1, 1
"c:\Users\User\Desktop\django-aiogram-bot\app\custom_admin\templates\admin\index.html", "HTML", 11, 0, 0, 0, 0, 0, 0, 0, 0, 3, 14
"c:\Users\User\Desktop\django-aiogram-bot\app\custom_admin\templates\admin\stats2.html", "HTML", 65, 0, 0, 0, 0, 0, 0, 0, 0, 34, 99
"c:\Users\User\Desktop\django-aiogram-bot\app\settings.py", "Python", 0, 0, 0, 0, 0, 0, 0, 74, 27, 36, 137
"c:\Users\User\Desktop\django-aiogram-bot\app\urls.py", "Python", 0, 0, 0, 0, 0, 0, 0, 103, 15, 18, 136
"c:\Users\User\Desktop\django-aiogram-bot\app\wsgi.py", "Python", 0, 0, 0, 0, 0, 0, 0, 4, 8, 5, 17
"c:\Users\User\Desktop\django-aiogram-bot\aviato\__init__.py", "Python", 0, 0, 0, 0, 0, 0, 0, 0, 0, 1, 1
"c:\Users\User\Desktop\django-aiogram-bot\aviato\admin.py", "Python", 0, 0, 0, 0, 0, 0, 0, 134, 1, 43, 178
"c:\Users\User\Desktop\django-aiogram-bot\aviato\apps.py", "Python", 0, 0, 0, 0, 0, 0, 0, 4, 0, 3, 7
"c:\Users\User\Desktop\django-aiogram-bot\aviato\forms.py", "Python", 0, 0, 0, 0, 0, 0, 0, 8, 0, 2, 10
"c:\Users\User\Desktop\django-aiogram-bot\aviato\management\__init__.py", "Python", 0, 0, 0, 0, 0, 0, 0, 0, 0, 1, 1
"c:\Users\User\Desktop\django-aiogram-bot\aviato\management\commands\__init__.py", "Python", 0, 0, 0, 0, 0, 0, 0, 0, 0, 1, 1
"c:\Users\User\Desktop\django-aiogram-bot\aviato\management\commands\bot.py", "Python", 0, 0, 0, 0, 0, 0, 0, 6, 0, 2, 8
"c:\Users\User\Desktop\django-aiogram-bot\aviato\management\commands\config.py", "Python", 0, 0, 0, 0, 0, 0, 0, 2, 2, 1, 5
"c:\Users\User\Desktop\django-aiogram-bot\aviato\management\commands\db.py", "Python", 0, 0, 0, 0, 0, 0, 0, 600, 39, 178, 817
"c:\Users\User\Desktop\django-aiogram-bot\aviato\management\commands\functions.py", "Python", 0, 0, 0, 0, 0, 0, 0, 10, 0, 3, 13
"c:\Users\User\Desktop\django-aiogram-bot\aviato\management\commands\keyboard.py", "Python", 0, 0, 0, 0, 0, 0, 0, 69, 0, 16, 85
"c:\Users\User\Desktop\django-aiogram-bot\aviato\management\commands\main.py", "Python", 0, 0, 0, 0, 0, 0, 0, 1973, 24, 354, 2351
"c:\Users\User\Desktop\django-aiogram-bot\aviato\migrations\0001_initial.py", "Python", 0, 0, 0, 0, 0, 0, 0, 44, 1, 7, 52
"c:\Users\User\Desktop\django-aiogram-bot\aviato\migrations\0002_alter_applications_driver.py", "Python", 0, 0, 0, 0, 0, 0, 0, 13, 1, 6, 20
"c:\Users\User\Desktop\django-aiogram-bot\aviato\migrations\0003_remove_applications_count.py", "Python", 0, 0, 0, 0, 0, 0, 0, 11, 1, 6, 18
"c:\Users\User\Desktop\django-aiogram-bot\aviato\migrations\0004_applications_location.py", "Python", 0, 0, 0, 0, 0, 0, 0, 12, 1, 6, 19
"c:\Users\User\Desktop\django-aiogram-bot\aviato\migrations\0005_alter_applications_options_alter_profile_options_and_more.py", "Python", 0, 0, 0, 0, 0, 0, 0, 75, 1, 6, 82
"c:\Users\User\Desktop\django-aiogram-bot\aviato\migrations\0006_alter_rolecode_options_and_more.py", "Python", 0, 0, 0, 0, 0, 0, 0, 19, 1, 6, 26
"c:\Users\User\Desktop\django-aiogram-bot\aviato\migrations\0007_applications_phone.py", "Python", 0, 0, 0, 0, 0, 0, 0, 13, 1, 6, 20
"c:\Users\User\Desktop\django-aiogram-bot\aviato\migrations\0008_profile_first_name.py", "Python", 0, 0, 0, 0, 0, 0, 0, 13, 1, 6, 20
"c:\Users\User\Desktop\django-aiogram-bot\aviato\migrations\0009_alter_profile_first_name.py", "Python", 0, 0, 0, 0, 0, 0, 0, 12, 1, 6, 19
"c:\Users\User\Desktop\django-aiogram-bot\aviato\migrations\0010_applications_time_update_location.py", "Python", 0, 0, 0, 0, 0, 0, 0, 12, 1, 6, 19
"c:\Users\User\Desktop\django-aiogram-bot\aviato\migrations\0011_applications_create_time.py", "Python", 0, 0, 0, 0, 0, 0, 0, 12, 1, 6, 19
"c:\Users\User\Desktop\django-aiogram-bot\aviato\migrations\0012_report_alter_applications_time_update_location.py", "Python", 0, 0, 0, 0, 0, 0, 0, 19, 1, 6, 26
"c:\Users\User\Desktop\django-aiogram-bot\aviato\migrations\0013_applications_canceled_reason.py", "Python", 0, 0, 0, 0, 0, 0, 0, 12, 1, 6, 19
"c:\Users\User\Desktop\django-aiogram-bot\aviato\migrations\0014_delete_report.py", "Python", 0, 0, 0, 0, 0, 0, 0, 10, 1, 6, 17
"c:\Users\User\Desktop\django-aiogram-bot\aviato\migrations\0015_applications_direction.py", "Python", 0, 0, 0, 0, 0, 0, 0, 13, 1, 6, 20
"c:\Users\User\Desktop\django-aiogram-bot\aviato\migrations\0016_alter_applications_direction.py", "Python", 0, 0, 0, 0, 0, 0, 0, 12, 1, 6, 19
"c:\Users\User\Desktop\django-aiogram-bot\aviato\migrations\0017_applications_location_time.py", "Python", 0, 0, 0, 0, 0, 0, 0, 12, 1, 6, 19
"c:\Users\User\Desktop\django-aiogram-bot\aviato\migrations\0018_applications_delivery_information_and_more.py", "Python", 0, 0, 0, 0, 0, 0, 0, 53, 1, 6, 60
"c:\Users\User\Desktop\django-aiogram-bot\aviato\migrations\0019_alter_applications_create_time.py", "Python", 0, 0, 0, 0, 0, 0, 0, 12, 1, 6, 19
"c:\Users\User\Desktop\django-aiogram-bot\aviato\migrations\0020_products_remove_applications_photo_and_more.py", "Python", 0, 0, 0, 0, 0, 0, 0, 49, 1, 6, 56
"c:\Users\User\Desktop\django-aiogram-bot\aviato\migrations\0021_alter_applications_bool_status_and_more.py", "Python", 0, 0, 0, 0, 0, 0, 0, 17, 1, 6, 24
"c:\Users\User\Desktop\django-aiogram-bot\aviato\migrations\0022_alter_applications_product.py", "Python", 0, 0, 0, 0, 0, 0, 0, 12, 1, 6, 19
"c:\Users\User\Desktop\django-aiogram-bot\aviato\migrations\0023_alter_applications_bool_count.py", "Python", 0, 0, 0, 0, 0, 0, 0, 12, 1, 6, 19
"c:\Users\User\Desktop\django-aiogram-bot\aviato\migrations\0024_alter_applications_status.py", "Python", 0, 0, 0, 0, 0, 0, 0, 12, 1, 6, 19
"c:\Users\User\Desktop\django-aiogram-bot\aviato\migrations\0025_alter_applications_status.py", "Python", 0, 0, 0, 0, 0, 0, 0, 12, 1, 6, 19
"c:\Users\User\Desktop\django-aiogram-bot\aviato\migrations\0026_alter_applications_status.py", "Python", 0, 0, 0, 0, 0, 0, 0, 12, 1, 6, 19
"c:\Users\User\Desktop\django-aiogram-bot\aviato\migrations\__init__.py", "Python", 0, 0, 0, 0, 0, 0, 0, 0, 0, 1, 1
"c:\Users\User\Desktop\django-aiogram-bot\aviato\models.py", "Python", 0, 0, 0, 0, 0, 0, 0, 78, 3, 26, 107
"c:\Users\User\Desktop\django-aiogram-bot\aviato\urls.py", "Python", 0, 0, 0, 0, 0, 0, 0, 96, 0, 19, 115
"c:\Users\User\Desktop\django-aiogram-bot\manage.py", "Python", 0, 0, 0, 0, 0, 0, 0, 15, 3, 5, 23
"c:\Users\User\Desktop\django-aiogram-bot\requirements.txt", "pip requirements", 0, 0, 0, 0, 0, 0, 6, 0, 0, 0, 6
"c:\Users\User\Desktop\django-aiogram-bot\scrapping_xlsx.py", "Python", 0, 0, 0, 0, 0, 0, 0, 34, 1, 7, 42
"c:\Users\User\Desktop\django-aiogram-bot\static\1.css", "CSS", 0, 0, 0, 1, 0, 0, 0, 0, 0, 0, 1
"c:\Users\User\Desktop\django-aiogram-bot\staticfiles\admin\css\autocomplete.css", "CSS", 0, 0, 0, 227, 0, 0, 0, 0, 0, 49, 276
"c:\Users\User\Desktop\django-aiogram-bot\staticfiles\admin\css\base.css", "CSS", 0, 0, 0, 827, 0, 0, 0, 0, 23, 203, 1053
"c:\Users\User\Desktop\django-aiogram-bot\staticfiles\admin\css\changelists.css", "CSS", 0, 0, 0, 285, 0, 0, 0, 0, 7, 64, 356
"c:\Users\User\Desktop\django-aiogram-bot\staticfiles\admin\css\dashboard.css", "CSS", 0, 0, 0, 18, 0, 0, 0, 0, 2, 7, 27
"c:\Users\User\Desktop\django-aiogram-bot\staticfiles\admin\css\fonts.css", "CSS", 0, 0, 0, 18, 0, 0, 0, 0, 0, 3, 21
"c:\Users\User\Desktop\django-aiogram-bot\staticfiles\admin\css\forms.css", "CSS", 0, 0, 0, 413, 0, 0, 0, 0, 11, 104, 528
"c:\Users\User\Desktop\django-aiogram-bot\staticfiles\admin\css\login.css", "CSS", 0, 0, 0, 49, 0, 0, 0, 0, 1, 12, 62
"c:\Users\User\Desktop\django-aiogram-bot\staticfiles\admin\css\nav_sidebar.css", "CSS", 0, 0, 0, 116, 0, 0, 0, 0, 0, 24, 140
"c:\Users\User\Desktop\django-aiogram-bot\staticfiles\admin\css\responsive.css", "CSS", 0, 0, 0, 755, 0, 0, 0, 0, 28, 222, 1005
"c:\Users\User\Desktop\django-aiogram-bot\staticfiles\admin\css\responsive_rtl.css", "CSS", 0, 0, 0, 63, 0, 0, 0, 0, 2, 16, 81
"c:\Users\User\Desktop\django-aiogram-bot\staticfiles\admin\css\rtl.css", "CSS", 0, 0, 0, 169, 0, 0, 0, 0, 8, 51, 228
"c:\Users\User\Desktop\django-aiogram-bot\staticfiles\admin\css\vendor\select2\LICENSE-SELECT2.md", "Markdown", 0, 0, 0, 0, 0, 17, 0, 0, 0, 5, 22
"c:\Users\User\Desktop\django-aiogram-bot\staticfiles\admin\css\vendor\select2\select2.css", "CSS", 0, 0, 0, 425, 0, 0, 0, 0, 0, 57, 482
"c:\Users\User\Desktop\django-aiogram-bot\staticfiles\admin\css\vendor\select2\select2.min.css", "CSS", 0, 0, 0, 1, 0, 0, 0, 0, 0, 1, 2
"c:\Users\User\Desktop\django-aiogram-bot\staticfiles\admin\css\widgets.css", "CSS", 0, 0, 0, 465, 0, 0, 0, 0, 8, 102, 575
"c:\Users\User\Desktop\django-aiogram-bot\staticfiles\admin\img\calendar-icons.svg", "XML", 0, 14, 0, 0, 0, 0, 0, 0, 0, 1, 15
"c:\Users\User\Desktop\django-aiogram-bot\staticfiles\admin\img\gis\move_vertex_off.svg", "XML", 0, 1, 0, 0, 0, 0, 0, 0, 0, 0, 1
"c:\Users\User\Desktop\django-aiogram-bot\staticfiles\admin\img\gis\move_vertex_on.svg", "XML", 0, 1, 0, 0, 0, 0, 0, 0, 0, 0, 1
"c:\Users\User\Desktop\django-aiogram-bot\staticfiles\admin\img\icon-addlink.svg", "XML", 0, 3, 0, 0, 0, 0, 0, 0, 0, 1, 4
"c:\Users\User\Desktop\django-aiogram-bot\staticfiles\admin\img\icon-alert.svg", "XML", 0, 3, 0, 0, 0, 0, 0, 0, 0, 1, 4
"c:\Users\User\Desktop\django-aiogram-bot\staticfiles\admin\img\icon-calendar.svg", "XML", 0, 9, 0, 0, 0, 0, 0, 0, 0, 1, 10
"c:\Users\User\Desktop\django-aiogram-bot\staticfiles\admin\img\icon-changelink.svg", "XML", 0, 3, 0, 0, 0, 0, 0, 0, 0, 1, 4
"c:\Users\User\Desktop\django-aiogram-bot\staticfiles\admin\img\icon-clock.svg", "XML", 0, 9, 0, 0, 0, 0, 0, 0, 0, 1, 10
"c:\Users\User\Desktop\django-aiogram-bot\staticfiles\admin\img\icon-deletelink.svg", "XML", 0, 3, 0, 0, 0, 0, 0, 0, 0, 1, 4
"c:\Users\User\Desktop\django-aiogram-bot\staticfiles\admin\img\icon-no.svg", "XML", 0, 3, 0, 0, 0, 0, 0, 0, 0, 1, 4
"c:\Users\User\Desktop\django-aiogram-bot\staticfiles\admin\img\icon-unknown-alt.svg", "XML", 0, 3, 0, 0, 0, 0, 0, 0, 0, 1, 4
"c:\Users\User\Desktop\django-aiogram-bot\staticfiles\admin\img\icon-unknown.svg", "XML", 0, 3, 0, 0, 0, 0, 0, 0, 0, 1, 4
"c:\Users\User\Desktop\django-aiogram-bot\staticfiles\admin\img\icon-viewlink.svg", "XML", 0, 3, 0, 0, 0, 0, 0, 0, 0, 1, 4
"c:\Users\User\Desktop\django-aiogram-bot\staticfiles\admin\img\icon-yes.svg", "XML", 0, 3, 0, 0, 0, 0, 0, 0, 0, 1, 4
"c:\Users\User\Desktop\django-aiogram-bot\staticfiles\admin\img\inline-delete.svg", "XML", 0, 3, 0, 0, 0, 0, 0, 0, 0, 1, 4
"c:\Users\User\Desktop\django-aiogram-bot\staticfiles\admin\img\search.svg", "XML", 0, 3, 0, 0, 0, 0, 0, 0, 0, 1, 4
"c:\Users\User\Desktop\django-aiogram-bot\staticfiles\admin\img\selector-icons.svg", "XML", 0, 34, 0, 0, 0, 0, 0, 0, 0, 1, 35
"c:\Users\User\Desktop\django-aiogram-bot\staticfiles\admin\img\sorting-icons.svg", "XML", 0, 19, 0, 0, 0, 0, 0, 0, 0, 1, 20
"c:\Users\User\Desktop\django-aiogram-bot\staticfiles\admin\img\tooltag-add.svg", "XML", 0, 3, 0, 0, 0, 0, 0, 0, 0, 1, 4
"c:\Users\User\Desktop\django-aiogram-bot\staticfiles\admin\img\tooltag-arrowright.svg", "XML", 0, 3, 0, 0, 0, 0, 0, 0, 0, 1, 4
"c:\Users\User\Desktop\django-aiogram-bot\staticfiles\admin\js\SelectBox.js", "JavaScript", 0, 0, 107, 0, 0, 0, 0, 0, 5, 1, 113
"c:\Users\User\Desktop\django-aiogram-bot\staticfiles\admin\js\SelectFilter2.js", "JavaScript", 0, 0, 190, 0, 0, 0, 0, 0, 27, 20, 237
"c:\Users\User\Desktop\django-aiogram-bot\staticfiles\admin\js\actions.js", "JavaScript", 0, 0, 176, 0, 0, 0, 0, 0, 11, 21, 208
"c:\Users\User\Desktop\django-aiogram-bot\staticfiles\admin\js\admin\DateTimeShortcuts.js", "JavaScript", 0, 0, 0, 0, 0, 0, 0, 0, 3, 0, 3
"c:\Users\User\Desktop\django-aiogram-bot\staticfiles\admin\js\admin\RelatedObjectLookups.js", "JavaScript", 0, 0, 166, 0, 0, 0, 0, 0, 22, 18, 206
"c:\Users\User\Desktop\django-aiogram-bot\staticfiles\admin\js\autocomplete.js", "JavaScript", 0, 0, 30, 0, 0, 0, 0, 0, 2, 4, 36
"c:\Users\User\Desktop\django-aiogram-bot\staticfiles\admin\js\calendar.js", "JavaScript", 0, 0, 178, 0, 0, 0, 0, 0, 28, 16, 222
"c:\Users\User\Desktop\django-aiogram-bot\staticfiles\admin\js\cancel.js", "JavaScript", 0, 0, 24, 0, 0, 0, 0, 0, 3, 3, 30
"c:\Users\User\Desktop\django-aiogram-bot\staticfiles\admin\js\change_form.js", "JavaScript", 0, 0, 14, 0, 0, 0, 0, 0, 2, 1, 17
"c:\Users\User\Desktop\django-aiogram-bot\staticfiles\admin\js\collapse.js", "JavaScript", 0, 0, 37, 0, 0, 0, 0, 0, 6, 1, 44
"c:\Users\User\Desktop\django-aiogram-bot\staticfiles\admin\js\core.js", "JavaScript", 0, 0, 136, 0, 0, 0, 0, 0, 19, 16, 171
"c:\Users\User\Desktop\django-aiogram-bot\staticfiles\admin\js\inlines.js", "JavaScript", 0, 0, 259, 0, 0, 0, 0, 0, 59, 27, 345
"c:\Users\User\Desktop\django-aiogram-bot\staticfiles\admin\js\jquery.init.js", "JavaScript", 0, 0, 2, 0, 0, 0, 0, 0, 6, 1, 9
"c:\Users\User\Desktop\django-aiogram-bot\staticfiles\admin\js\nav_sidebar.js", "JavaScript", 0, 0, 95, 0, 0, 0, 0, 0, 1, 7, 103
"c:\Users\User\Desktop\django-aiogram-bot\staticfiles\admin\js\popup_response.js", "JavaScript", 0, 0, 15, 0, 0, 0, 0, 0, 1, 1, 17
"c:\Users\User\Desktop\django-aiogram-bot\staticfiles\admin\js\prepopulate.js", "JavaScript", 0, 0, 29, 0, 0, 0, 0, 0, 10, 5, 44
"c:\Users\User\Desktop\django-aiogram-bot\staticfiles\admin\js\prepopulate_init.js", "JavaScript", 0, 0, 11, 0, 0, 0, 0, 0, 0, 1, 12
"c:\Users\User\Desktop\django-aiogram-bot\staticfiles\admin\js\urlify.js", "JavaScript", 0, 0, 160, 0, 0, 0, 0, 0, 5, 6, 171
"c:\Users\User\Desktop\django-aiogram-bot\staticfiles\admin\js\vendor\jquery\jquery.js", "JavaScript", 0, 0, 6895, 0, 0, 0, 0, 0, 1911, 2076, 10882
"c:\Users\User\Desktop\django-aiogram-bot\staticfiles\admin\js\vendor\jquery\jquery.min.js", "JavaScript", 0, 0, 1, 0, 0, 0, 0, 0, 1, 1, 3
"c:\Users\User\Desktop\django-aiogram-bot\staticfiles\admin\js\vendor\select2\LICENSE.md", "Markdown", 0, 0, 0, 0, 0, 17, 0, 0, 0, 5, 22
"c:\Users\User\Desktop\django-aiogram-bot\staticfiles\admin\js\vendor\select2\i18n\af.js", "JavaScript", 0, 0, 1, 0, 0, 0, 0, 0, 1, 1, 3
"c:\Users\User\Desktop\django-aiogram-bot\staticfiles\admin\js\vendor\select2\i18n\ar.js", "JavaScript", 0, 0, 1, 0, 0, 0, 0, 0, 1, 1, 3
"c:\Users\User\Desktop\django-aiogram-bot\staticfiles\admin\js\vendor\select2\i18n\az.js", "JavaScript", 0, 0, 1, 0, 0, 0, 0, 0, 1, 1, 3
"c:\Users\User\Desktop\django-aiogram-bot\staticfiles\admin\js\vendor\select2\i18n\bg.js", "JavaScript", 0, 0, 1, 0, 0, 0, 0, 0, 1, 1, 3
"c:\Users\User\Desktop\django-aiogram-bot\staticfiles\admin\js\vendor\select2\i18n\bn.js", "JavaScript", 0, 0, 1, 0, 0, 0, 0, 0, 1, 1, 3
"c:\Users\User\Desktop\django-aiogram-bot\staticfiles\admin\js\vendor\select2\i18n\bs.js", "JavaScript", 0, 0, 1, 0, 0, 0, 0, 0, 1, 1, 3
"c:\Users\User\Desktop\django-aiogram-bot\staticfiles\admin\js\vendor\select2\i18n\ca.js", "JavaScript", 0, 0, 1, 0, 0, 0, 0, 0, 1, 1, 3
"c:\Users\User\Desktop\django-aiogram-bot\staticfiles\admin\js\vendor\select2\i18n\cs.js", "JavaScript", 0, 0, 1, 0, 0, 0, 0, 0, 1, 1, 3
"c:\Users\User\Desktop\django-aiogram-bot\staticfiles\admin\js\vendor\select2\i18n\da.js", "JavaScript", 0, 0, 1, 0, 0, 0, 0, 0, 1, 1, 3
"c:\Users\User\Desktop\django-aiogram-bot\staticfiles\admin\js\vendor\select2\i18n\de.js", "JavaScript", 0, 0, 1, 0, 0, 0, 0, 0, 1, 1, 3
"c:\Users\User\Desktop\django-aiogram-bot\staticfiles\admin\js\vendor\select2\i18n\dsb.js", "JavaScript", 0, 0, 1, 0, 0, 0, 0, 0, 1, 1, 3
"c:\Users\User\Desktop\django-aiogram-bot\staticfiles\admin\js\vendor\select2\i18n\el.js", "JavaScript", 0, 0, 1, 0, 0, 0, 0, 0, 1, 1, 3
"c:\Users\User\Desktop\django-aiogram-bot\staticfiles\admin\js\vendor\select2\i18n\en.js", "JavaScript", 0, 0, 1, 0, 0, 0, 0, 0, 1, 1, 3
"c:\Users\User\Desktop\django-aiogram-bot\staticfiles\admin\js\vendor\select2\i18n\es.js", "JavaScript", 0, 0, 1, 0, 0, 0, 0, 0, 1, 1, 3
"c:\Users\User\Desktop\django-aiogram-bot\staticfiles\admin\js\vendor\select2\i18n\et.js", "JavaScript", 0, 0, 1, 0, 0, 0, 0, 0, 1, 1, 3
"c:\Users\User\Desktop\django-aiogram-bot\staticfiles\admin\js\vendor\select2\i18n\eu.js", "JavaScript", 0, 0, 1, 0, 0, 0, 0, 0, 1, 1, 3
"c:\Users\User\Desktop\django-aiogram-bot\staticfiles\admin\js\vendor\select2\i18n\fa.js", "JavaScript", 0, 0, 1, 0, 0, 0, 0, 0, 1, 1, 3
"c:\Users\User\Desktop\django-aiogram-bot\staticfiles\admin\js\vendor\select2\i18n\fi.js", "JavaScript", 0, 0, 1, 0, 0, 0, 0, 0, 1, 1, 3
"c:\Users\User\Desktop\django-aiogram-bot\staticfiles\admin\js\vendor\select2\i18n\fr.js", "JavaScript", 0, 0, 1, 0, 0, 0, 0, 0, 1, 1, 3
"c:\Users\User\Desktop\django-aiogram-bot\staticfiles\admin\js\vendor\select2\i18n\gl.js", "JavaScript", 0, 0, 1, 0, 0, 0, 0, 0, 1, 1, 3
"c:\Users\User\Desktop\django-aiogram-bot\staticfiles\admin\js\vendor\select2\i18n\he.js", "JavaScript", 0, 0, 1, 0, 0, 0, 0, 0, 1, 1, 3
"c:\Users\User\Desktop\django-aiogram-bot\staticfiles\admin\js\vendor\select2\i18n\hi.js", "JavaScript", 0, 0, 1, 0, 0, 0, 0, 0, 1, 1, 3
"c:\Users\User\Desktop\django-aiogram-bot\staticfiles\admin\js\vendor\select2\i18n\hr.js", "JavaScript", 0, 0, 1, 0, 0, 0, 0, 0, 1, 1, 3
"c:\Users\User\Desktop\django-aiogram-bot\staticfiles\admin\js\vendor\select2\i18n\hsb.js", "JavaScript", 0, 0, 1, 0, 0, 0, 0, 0, 1, 1, 3
"c:\Users\User\Desktop\django-aiogram-bot\staticfiles\admin\js\vendor\select2\i18n\hu.js", "JavaScript", 0, 0, 1, 0, 0, 0, 0, 0, 1, 1, 3
"c:\Users\User\Desktop\django-aiogram-bot\staticfiles\admin\js\vendor\select2\i18n\hy.js", "JavaScript", 0, 0, 1, 0, 0, 0, 0, 0, 1, 1, 3
"c:\Users\User\Desktop\django-aiogram-bot\staticfiles\admin\js\vendor\select2\i18n\id.js", "JavaScript", 0, 0, 1, 0, 0, 0, 0, 0, 1, 1, 3
"c:\Users\User\Desktop\django-aiogram-bot\staticfiles\admin\js\vendor\select2\i18n\is.js", "JavaScript", 0, 0, 1, 0, 0, 0, 0, 0, 1, 1, 3
"c:\Users\User\Desktop\django-aiogram-bot\staticfiles\admin\js\vendor\select2\i18n\it.js", "JavaScript", 0, 0, 1, 0, 0, 0, 0, 0, 1, 1, 3
"c:\Users\User\Desktop\django-aiogram-bot\staticfiles\admin\js\vendor\select2\i18n\ja.js", "JavaScript", 0, 0, 1, 0, 0, 0, 0, 0, 1, 1, 3
"c:\Users\User\Desktop\django-aiogram-bot\staticfiles\admin\js\vendor\select2\i18n\ka.js", "JavaScript", 0, 0, 1, 0, 0, 0, 0, 0, 1, 1, 3
"c:\Users\User\Desktop\django-aiogram-bot\staticfiles\admin\js\vendor\select2\i18n\km.js", "JavaScript", 0, 0, 1, 0, 0, 0, 0, 0, 1, 1, 3
"c:\Users\User\Desktop\django-aiogram-bot\staticfiles\admin\js\vendor\select2\i18n\ko.js", "JavaScript", 0, 0, 1, 0, 0, 0, 0, 0, 1, 1, 3
"c:\Users\User\Desktop\django-aiogram-bot\staticfiles\admin\js\vendor\select2\i18n\lt.js", "JavaScript", 0, 0, 1, 0, 0, 0, 0, 0, 1, 1, 3
"c:\Users\User\Desktop\django-aiogram-bot\staticfiles\admin\js\vendor\select2\i18n\lv.js", "JavaScript", 0, 0, 1, 0, 0, 0, 0, 0, 1, 1, 3
"c:\Users\User\Desktop\django-aiogram-bot\staticfiles\admin\js\vendor\select2\i18n\mk.js", "JavaScript", 0, 0, 1, 0, 0, 0, 0, 0, 1, 1, 3
"c:\Users\User\Desktop\django-aiogram-bot\staticfiles\admin\js\vendor\select2\i18n\ms.js", "JavaScript", 0, 0, 1, 0, 0, 0, 0, 0, 1, 1, 3
"c:\Users\User\Desktop\django-aiogram-bot\staticfiles\admin\js\vendor\select2\i18n\nb.js", "JavaScript", 0, 0, 1, 0, 0, 0, 0, 0, 1, 1, 3
"c:\Users\User\Desktop\django-aiogram-bot\staticfiles\admin\js\vendor\select2\i18n\ne.js", "JavaScript", 0, 0, 1, 0, 0, 0, 0, 0, 1, 1, 3
"c:\Users\User\Desktop\django-aiogram-bot\staticfiles\admin\js\vendor\select2\i18n\nl.js", "JavaScript", 0, 0, 1, 0, 0, 0, 0, 0, 1, 1, 3
"c:\Users\User\Desktop\django-aiogram-bot\staticfiles\admin\js\vendor\select2\i18n\pl.js", "JavaScript", 0, 0, 1, 0, 0, 0, 0, 0, 1, 1, 3
"c:\Users\User\Desktop\django-aiogram-bot\staticfiles\admin\js\vendor\select2\i18n\ps.js", "JavaScript", 0, 0, 1, 0, 0, 0, 0, 0, 1, 1, 3
"c:\Users\User\Desktop\django-aiogram-bot\staticfiles\admin\js\vendor\select2\i18n\pt-BR.js", "JavaScript", 0, 0, 1, 0, 0, 0, 0, 0, 1, 1, 3
"c:\Users\User\Desktop\django-aiogram-bot\staticfiles\admin\js\vendor\select2\i18n\pt.js", "JavaScript", 0, 0, 1, 0, 0, 0, 0, 0, 1, 1, 3
"c:\Users\User\Desktop\django-aiogram-bot\staticfiles\admin\js\vendor\select2\i18n\ro.js", "JavaScript", 0, 0, 1, 0, 0, 0, 0, 0, 1, 1, 3
"c:\Users\User\Desktop\django-aiogram-bot\staticfiles\admin\js\vendor\select2\i18n\ru.js", "JavaScript", 0, 0, 1, 0, 0, 0, 0, 0, 1, 1, 3
"c:\Users\User\Desktop\django-aiogram-bot\staticfiles\admin\js\vendor\select2\i18n\sk.js", "JavaScript", 0, 0, 1, 0, 0, 0, 0, 0, 1, 1, 3
"c:\Users\User\Desktop\django-aiogram-bot\staticfiles\admin\js\vendor\select2\i18n\sl.js", "JavaScript", 0, 0, 1, 0, 0, 0, 0, 0, 1, 1, 3
"c:\Users\User\Desktop\django-aiogram-bot\staticfiles\admin\js\vendor\select2\i18n\sq.js", "JavaScript", 0, 0, 1, 0, 0, 0, 0, 0, 1, 1, 3
"c:\Users\User\Desktop\django-aiogram-bot\staticfiles\admin\js\vendor\select2\i18n\sr-Cyrl.js", "JavaScript", 0, 0, 1, 0, 0, 0, 0, 0, 1, 1, 3
"c:\Users\User\Desktop\django-aiogram-bot\staticfiles\admin\js\vendor\select2\i18n\sr.js", "JavaScript", 0, 0, 1, 0, 0, 0, 0, 0, 1, 1, 3
"c:\Users\User\Desktop\django-aiogram-bot\staticfiles\admin\js\vendor\select2\i18n\sv.js", "JavaScript", 0, 0, 1, 0, 0, 0, 0, 0, 1, 1, 3
"c:\Users\User\Desktop\django-aiogram-bot\staticfiles\admin\js\vendor\select2\i18n\th.js", "JavaScript", 0, 0, 1, 0, 0, 0, 0, 0, 1, 1, 3
"c:\Users\User\Desktop\django-aiogram-bot\staticfiles\admin\js\vendor\select2\i18n\tk.js", "JavaScript", 0, 0, 1, 0, 0, 0, 0, 0, 1, 1, 3
"c:\Users\User\Desktop\django-aiogram-bot\staticfiles\admin\js\vendor\select2\i18n\tr.js", "JavaScript", 0, 0, 1, 0, 0, 0, 0, 0, 1, 1, 3
"c:\Users\User\Desktop\django-aiogram-bot\staticfiles\admin\js\vendor\select2\i18n\uk.js", "JavaScript", 0, 0, 1, 0, 0, 0, 0, 0, 1, 1, 3
"c:\Users\User\Desktop\django-aiogram-bot\staticfiles\admin\js\vendor\select2\i18n\vi.js", "JavaScript", 0, 0, 1, 0, 0, 0, 0, 0, 1, 1, 3
"c:\Users\User\Desktop\django-aiogram-bot\staticfiles\admin\js\vendor\select2\i18n\zh-CN.js", "JavaScript", 0, 0, 1, 0, 0, 0, 0, 0, 1, 1, 3
"c:\Users\User\Desktop\django-aiogram-bot\staticfiles\admin\js\vendor\select2\i18n\zh-TW.js", "JavaScript", 0, 0, 1, 0, 0, 0, 0, 0, 1, 1, 3
"c:\Users\User\Desktop\django-aiogram-bot\staticfiles\admin\js\vendor\select2\select2.full.js", "JavaScript", 0, 0, 5102, 0, 0, 0, 0, 0, 384, 1335, 6821
"c:\Users\User\Desktop\django-aiogram-bot\staticfiles\admin\js\vendor\select2\select2.full.min.js", "JavaScript", 0, 0, 1, 0, 0, 0, 0, 0, 1, 0, 2
"c:\Users\User\Desktop\django-aiogram-bot\staticfiles\admin\js\vendor\xregexp\xregexp.js", "JavaScript", 0, 0, 3138, 0, 0, 0, 0, 0, 1271, 244, 4653
"c:\Users\User\Desktop\django-aiogram-bot\staticfiles\admin\js\vendor\xregexp\xregexp.min.js", "JavaScript", 0, 0, 129, 0, 0, 0, 0, 0, 31, 1, 161
"c:\Users\User\Desktop\django-aiogram-bot\staticfiles\grappelli\jquery\jquery-migrate-3.0.1.js", "JavaScript", 0, 0, 432, 0, 0, 0, 0, 0, 60, 135, 627
"c:\Users\User\Desktop\django-aiogram-bot\staticfiles\grappelli\jquery\jquery-migrate-3.0.1.min.js", "JavaScript", 0, 0, 213, 0, 0, 0, 0, 0, 1, 1, 215
"c:\Users\User\Desktop\django-aiogram-bot\staticfiles\grappelli\jquery\jquery.js", "JavaScript", 0, 0, 6895, 0, 0, 0, 0, 0, 1911, 2076, 10882
"c:\Users\User\Desktop\django-aiogram-bot\staticfiles\grappelli\jquery\jquery.min.js", "JavaScript", 0, 0, 1, 0, 0, 0, 0, 0, 1, 1, 3
"c:\Users\User\Desktop\django-aiogram-bot\staticfiles\grappelli\jquery\ui\external\jquery\jquery.js", "JavaScript", 0, 0, 6895, 0, 0, 0, 0, 0, 1911, 2076, 10882
"c:\Users\User\Desktop\django-aiogram-bot\staticfiles\grappelli\jquery\ui\index.html", "HTML", 447, 0, 0, 0, 0, 0, 0, 0, 16, 41, 504
"c:\Users\User\Desktop\django-aiogram-bot\staticfiles\grappelli\jquery\ui\jquery-ui.css", "CSS", 0, 0, 0, 1224, 0, 0, 0, 0, 49, 43, 1316
"c:\Users\User\Desktop\django-aiogram-bot\staticfiles\grappelli\jquery\ui\jquery-ui.js", "JavaScript", 0, 0, 13856, 0, 0, 0, 0, 0, 2104, 3086, 19046
"c:\Users\User\Desktop\django-aiogram-bot\staticfiles\grappelli\jquery\ui\jquery-ui.min.css", "CSS", 0, 0, 0, 1, 0, 0, 0, 0, 5, 1, 7
"c:\Users\User\Desktop\django-aiogram-bot\staticfiles\grappelli\jquery\ui\jquery-ui.min.js", "JavaScript", 0, 0, 1, 0, 0, 0, 0, 0, 4, 1, 6
"c:\Users\User\Desktop\django-aiogram-bot\staticfiles\grappelli\jquery\ui\jquery-ui.structure.css", "CSS", 0, 0, 0, 821, 0, 0, 0, 0, 36, 30, 887
"c:\Users\User\Desktop\django-aiogram-bot\staticfiles\grappelli\jquery\ui\jquery-ui.structure.min.css", "CSS", 0, 0, 0, 1, 0, 0, 0, 0, 3, 1, 5
"c:\Users\User\Desktop\django-aiogram-bot\staticfiles\grappelli\jquery\ui\jquery-ui.theme.css", "CSS", 0, 0, 0, 403, 0, 0, 0, 0, 30, 14, 447
"c:\Users\User\Desktop\django-aiogram-bot\staticfiles\grappelli\jquery\ui\jquery-ui.theme.min.css", "CSS", 0, 0, 0, 1, 0, 0, 0, 0, 3, 1, 5
"c:\Users\User\Desktop\django-aiogram-bot\staticfiles\grappelli\jquery\ui\package.json", "JSON", 0, 0, 0, 0, 72, 0, 0, 0, 0, 1, 73
"c:\Users\User\Desktop\django-aiogram-bot\staticfiles\grappelli\js\grappelli.js", "JavaScript", 0, 0, 194, 0, 0, 0, 0, 0, 36, 21, 251
"c:\Users\User\Desktop\django-aiogram-bot\staticfiles\grappelli\js\grappelli.min.js", "JavaScript", 0, 0, 1, 0, 0, 0, 0, 0, 0, 0, 1
"c:\Users\User\Desktop\django-aiogram-bot\staticfiles\grappelli\js\jquery.grp_autocomplete_fk.js", "JavaScript", 0, 0, 129, 0, 0, 0, 0, 0, 10, 10, 149
"c:\Users\User\Desktop\django-aiogram-bot\staticfiles\grappelli\js\jquery.grp_autocomplete_generic.js", "JavaScript", 0, 0, 162, 0, 0, 0, 0, 0, 10, 12, 184
"c:\Users\User\Desktop\django-aiogram-bot\staticfiles\grappelli\js\jquery.grp_autocomplete_m2m.js", "JavaScript", 0, 0, 177, 0, 0, 0, 0, 0, 14, 13, 204
"c:\Users\User\Desktop\django-aiogram-bot\staticfiles\grappelli\js\jquery.grp_collapsible.js", "JavaScript", 0, 0, 28, 0, 0, 0, 0, 0, 6, 2, 36
"c:\Users\User\Desktop\django-aiogram-bot\staticfiles\grappelli\js\jquery.grp_collapsible_group.js", "JavaScript", 0, 0, 48, 0, 0, 0, 0, 0, 5, 2, 55
"c:\Users\User\Desktop\django-aiogram-bot\staticfiles\grappelli\js\jquery.grp_inline.js", "JavaScript", 0, 0, 168, 0, 0, 0, 0, 0, 37, 15, 220
"c:\Users\User\Desktop\django-aiogram-bot\staticfiles\grappelli\js\jquery.grp_related_fk.js", "JavaScript", 0, 0, 57, 0, 0, 0, 0, 0, 8, 7, 72
"c:\Users\User\Desktop\django-aiogram-bot\staticfiles\grappelli\js\jquery.grp_related_generic.js", "JavaScript", 0, 0, 78, 0, 0, 0, 0, 0, 7, 9, 94
"c:\Users\User\Desktop\django-aiogram-bot\staticfiles\grappelli\js\jquery.grp_related_m2m.js", "JavaScript", 0, 0, 58, 0, 0, 0, 0, 0, 8, 7, 73
"c:\Users\User\Desktop\django-aiogram-bot\staticfiles\grappelli\js\jquery.grp_timepicker.js", "JavaScript", 0, 0, 126, 0, 0, 0, 0, 0, 41, 20, 187
"c:\Users\User\Desktop\django-aiogram-bot\staticfiles\grappelli\stylesheets\mueller\grid\output-rtl.css", "CSS", 0, 0, 0, 1, 0, 0, 0, 0, 0, 1, 2
"c:\Users\User\Desktop\django-aiogram-bot\staticfiles\grappelli\stylesheets\mueller\grid\output.css", "CSS", 0, 0, 0, 1, 0, 0, 0, 0, 0, 1, 2
"c:\Users\User\Desktop\django-aiogram-bot\staticfiles\grappelli\stylesheets\mueller\screen.css", "CSS", 0, 0, 0, 0, 0, 0, 0, 0, 0, 1, 1
"c:\Users\User\Desktop\django-aiogram-bot\staticfiles\grappelli\stylesheets\partials\custom\tinymce.css", "CSS", 0, 0, 0, 1, 0, 0, 0, 0, 0, 1, 2
"c:\Users\User\Desktop\django-aiogram-bot\staticfiles\grappelli\stylesheets\rtl.css", "CSS", 0, 0, 0, 1, 0, 0, 0, 0, 0, 1, 2
"c:\Users\User\Desktop\django-aiogram-bot\staticfiles\grappelli\stylesheets\screen.css", "CSS", 0, 0, 0, 1, 0, 0, 0, 0, 0, 1, 2
"c:\Users\User\Desktop\django-aiogram-bot\staticfiles\grappelli\tinymce\examples\accessibility.html", "HTML", 86, 0, 0, 0, 0, 0, 0, 0, 3, 13, 102
"c:\Users\User\Desktop\django-aiogram-bot\staticfiles\grappelli\tinymce\examples\css\content.css", "CSS", 0, 0, 0, 80, 0, 0, 0, 0, 3, 23, 106
"c:\Users\User\Desktop\django-aiogram-bot\staticfiles\grappelli\tinymce\examples\css\word.css", "CSS", 0, 0, 0, 44, 0, 0, 0, 0, 0, 10, 54
"c:\Users\User\Desktop\django-aiogram-bot\staticfiles\grappelli\tinymce\examples\custom_formats.html", "HTML", 94, 0, 0, 0, 0, 0, 0, 0, 4, 14, 112
"c:\Users\User\Desktop\django-aiogram-bot\staticfiles\grappelli\tinymce\examples\full.html", "HTML", 85, 0, 0, 0, 0, 0, 0, 0, 4, 13, 102
"c:\Users\User\Desktop\django-aiogram-bot\staticfiles\grappelli\tinymce\examples\index.html", "HTML", 10, 0, 0, 0, 0, 0, 0, 0, 0, 1, 11
"c:\Users\User\Desktop\django-aiogram-bot\staticfiles\grappelli\tinymce\examples\lists\image_list.js", "JavaScript", 0, 0, 4, 0, 0, 0, 0, 0, 4, 2, 10
"c:\Users\User\Desktop\django-aiogram-bot\staticfiles\grappelli\tinymce\examples\lists\link_list.js", "JavaScript", 0, 0, 5, 0, 0, 0, 0, 0, 4, 2, 11
"c:\Users\User\Desktop\django-aiogram-bot\staticfiles\grappelli\tinymce\examples\lists\media_list.js", "JavaScript", 0, 0, 9, 0, 0, 0, 0, 0, 4, 1, 14
"c:\Users\User\Desktop\django-aiogram-bot\staticfiles\grappelli\tinymce\examples\lists\template_list.js", "JavaScript", 0, 0, 4, 0, 0, 0, 0, 0, 4, 1, 9
"c:\Users\User\Desktop\django-aiogram-bot\staticfiles\grappelli\tinymce\examples\menu.html", "HTML", 18, 0, 0, 0, 0, 0, 0, 0, 0, 1, 19
"c:\Users\User\Desktop\django-aiogram-bot\staticfiles\grappelli\tinymce\examples\simple.html", "HTML", 38, 0, 0, 0, 0, 0, 0, 0, 3, 7, 48
"c:\Users\User\Desktop\django-aiogram-bot\staticfiles\grappelli\tinymce\examples\skins.html", "HTML", 182, 0, 0, 0, 0, 0, 0, 0, 3, 32, 217
"c:\Users\User\Desktop\django-aiogram-bot\staticfiles\grappelli\tinymce\examples\templates\layout1.htm", "HTML", 14, 0, 0, 0, 0, 0, 0, 0, 0, 2, 16
"c:\Users\User\Desktop\django-aiogram-bot\staticfiles\grappelli\tinymce\examples\templates\snippet1.htm", "HTML", 1, 0, 0, 0, 0, 0, 0, 0, 0, 1, 2
"c:\Users\User\Desktop\django-aiogram-bot\staticfiles\grappelli\tinymce\examples\word.html", "HTML", 60, 0, 0, 0, 0, 0, 0, 0, 3, 10, 73
"c:\Users\User\Desktop\django-aiogram-bot\staticfiles\grappelli\tinymce\jscripts\tiny_mce\langs\en.js", "JavaScript", 0, 0, 1, 0, 0, 0, 0, 0, 0, 0, 1
"c:\Users\User\Desktop\django-aiogram-bot\staticfiles\grappelli\tinymce\jscripts\tiny_mce\plugins\advhr\css\advhr.css", "CSS", 0, 0, 0, 5, 0, 0, 0, 0, 0, 1, 6
"c:\Users\User\Desktop\django-aiogram-bot\staticfiles\grappelli\tinymce\jscripts\tiny_mce\plugins\advhr\editor_plugin.js", "JavaScript", 0, 0, 1, 0, 0, 0, 0, 0, 0, 0, 1
"c:\Users\User\Desktop\django-aiogram-bot\staticfiles\grappelli\tinymce\jscripts\tiny_mce\plugins\advhr\editor_plugin_src.js", "JavaScript", 0, 0, 38, 0, 0, 0, 0, 0, 12, 7, 57
"c:\Users\User\Desktop\django-aiogram-bot\staticfiles\grappelli\tinymce\jscripts\tiny_mce\plugins\advhr\js\rule.js", "JavaScript", 0, 0, 33, 0, 0, 0, 0, 0, 0, 11, 44
"c:\Users\User\Desktop\django-aiogram-bot\staticfiles\grappelli\tinymce\jscripts\tiny_mce\plugins\advhr\langs\en_dlg.js", "JavaScript", 0, 0, 1, 0, 0, 0, 0, 0, 0, 0, 1
"c:\Users\User\Desktop\django-aiogram-bot\staticfiles\grappelli\tinymce\jscripts\tiny_mce\plugins\advhr\rule.htm", "HTML", 56, 0, 0, 0, 0, 0, 0, 0, 0, 3, 59
"c:\Users\User\Desktop\django-aiogram-bot\staticfiles\grappelli\tinymce\jscripts\tiny_mce\plugins\advimage\css\advimage.css", "CSS", 0, 0, 0, 12, 0, 0, 0, 0, 0, 1, 13
"c:\Users\User\Desktop\django-aiogram-bot\staticfiles\grappelli\tinymce\jscripts\tiny_mce\plugins\advimage\editor_plugin.js", "JavaScript", 0, 0, 1, 0, 0, 0, 0, 0, 0, 0, 1
"c:\Users\User\Desktop\django-aiogram-bot\staticfiles\grappelli\tinymce\jscripts\tiny_mce\plugins\advimage\editor_plugin_src.js", "JavaScript", 0, 0, 32, 0, 0, 0, 0, 0, 13, 5, 50
"c:\Users\User\Desktop\django-aiogram-bot\staticfiles\grappelli\tinymce\jscripts\tiny_mce\plugins\advimage\image.htm", "HTML", 222, 0, 0, 0, 0, 0, 0, 0, 0, 1, 223
"c:\Users\User\Desktop\django-aiogram-bot\staticfiles\grappelli\tinymce\jscripts\tiny_mce\plugins\advimage\js\image.js", "JavaScript", 0, 0, 350, 0, 0, 0, 0, 0, 14, 101, 465
"c:\Users\User\Desktop\django-aiogram-bot\staticfiles\grappelli\tinymce\jscripts\tiny_mce\plugins\advimage\langs\en_dlg.js", "JavaScript", 0, 0, 1, 0, 0, 0, 0, 0, 0, 0, 1
"c:\Users\User\Desktop\django-aiogram-bot\staticfiles\grappelli\tinymce\jscripts\tiny_mce\plugins\advimage_orig\css\advimage.css", "CSS", 0, 0, 0, 13, 0, 0, 0, 0, 0, 1, 14
"c:\Users\User\Desktop\django-aiogram-bot\staticfiles\grappelli\tinymce\jscripts\tiny_mce\plugins\advimage_orig\editor_plugin.js", "JavaScript", 0, 0, 1, 0, 0, 0, 0, 0, 0, 0, 1
"c:\Users\User\Desktop\django-aiogram-bot\staticfiles\grappelli\tinymce\jscripts\tiny_mce\plugins\advimage_orig\editor_plugin_src.js", "JavaScript", 0, 0, 32, 0, 0, 0, 0, 0, 13, 5, 50
"c:\Users\User\Desktop\django-aiogram-bot\staticfiles\grappelli\tinymce\jscripts\tiny_mce\plugins\advimage_orig\image.htm", "HTML", 208, 0, 0, 0, 0, 0, 0, 0, 4, 24, 236
"c:\Users\User\Desktop\django-aiogram-bot\staticfiles\grappelli\tinymce\jscripts\tiny_mce\plugins\advimage_orig\js\image.js", "JavaScript", 0, 0, 350, 0, 0, 0, 0, 0, 14, 101, 465
"c:\Users\User\Desktop\django-aiogram-bot\staticfiles\grappelli\tinymce\jscripts\tiny_mce\plugins\advimage_orig\langs\en_dlg.js", "JavaScript", 0, 0, 1, 0, 0, 0, 0, 0, 0, 0, 1
"c:\Users\User\Desktop\django-aiogram-bot\staticfiles\grappelli\tinymce\jscripts\tiny_mce\plugins\advlink\css\advlink.css", "CSS", 0, 0, 0, 8, 0, 0, 0, 0, 0, 1, 9
"c:\Users\User\Desktop\django-aiogram-bot\staticfiles\grappelli\tinymce\jscripts\tiny_mce\plugins\advlink\editor_plugin.js", "JavaScript", 0, 0, 1, 0, 0, 0, 0, 0, 0, 0, 1
"c:\Users\User\Desktop\django-aiogram-bot\staticfiles\grappelli\tinymce\jscripts\tiny_mce\plugins\advlink\editor_plugin_src.js", "JavaScript", 0, 0, 39, 0, 0, 0, 0, 0, 13, 9, 61
"c:\Users\User\Desktop\django-aiogram-bot\staticfiles\grappelli\tinymce\jscripts\tiny_mce\plugins\advlink\js\advlink.js", "JavaScript", 0, 0, 396, 0, 0, 0, 0, 0, 23, 125, 544
"c:\Users\User\Desktop\django-aiogram-bot\staticfiles\grappelli\tinymce\jscripts\tiny_mce\plugins\advlink\langs\en_dlg.js", "JavaScript", 0, 0, 1, 0, 0, 0, 0, 0, 0, 0, 1
"c:\Users\User\Desktop\django-aiogram-bot\staticfiles\grappelli\tinymce\jscripts\tiny_mce\plugins\advlink\link.htm", "HTML", 353, 0, 0, 0, 0, 0, 0, 0, 3, 16, 372
"c:\Users\User\Desktop\django-aiogram-bot\staticfiles\grappelli\tinymce\jscripts\tiny_mce\plugins\advlink_orig\css\advlink.css", "CSS", 0, 0, 0, 8, 0, 0, 0, 0, 0, 1, 9
"c:\Users\User\Desktop\django-aiogram-bot\staticfiles\grappelli\tinymce\jscripts\tiny_mce\plugins\advlink_orig\editor_plugin.js", "JavaScript", 0, 0, 1, 0, 0, 0, 0, 0, 0, 0, 1
"c:\Users\User\Desktop\django-aiogram-bot\staticfiles\grappelli\tinymce\jscripts\tiny_mce\plugins\advlink_orig\editor_plugin_src.js", "JavaScript", 0, 0, 39, 0, 0, 0, 0, 0, 13, 9, 61
"c:\Users\User\Desktop\django-aiogram-bot\staticfiles\grappelli\tinymce\jscripts\tiny_mce\plugins\advlink_orig\js\advlink.js", "JavaScript", 0, 0, 396, 0, 0, 0, 0, 0, 23, 125, 544
"c:\Users\User\Desktop\django-aiogram-bot\staticfiles\grappelli\tinymce\jscripts\tiny_mce\plugins\advlink_orig\langs\en_dlg.js", "JavaScript", 0, 0, 1, 0, 0, 0, 0, 0, 0, 0, 1
"c:\Users\User\Desktop\django-aiogram-bot\staticfiles\grappelli\tinymce\jscripts\tiny_mce\plugins\advlink_orig\link.htm", "HTML", 303, 0, 0, 0, 0, 0, 0, 0, 0, 36, 339
"c:\Users\User\Desktop\django-aiogram-bot\staticfiles\grappelli\tinymce\jscripts\tiny_mce\plugins\advlist\editor_plugin.js", "JavaScript", 0, 0, 1, 0, 0, 0, 0, 0, 0, 0, 1
"c:\Users\User\Desktop\django-aiogram-bot\staticfiles\grappelli\tinymce\jscripts\tiny_mce\plugins\advlist\editor_plugin_src.js", "JavaScript", 0, 0, 120, 0, 0, 0, 0, 0, 20, 36, 176
"c:\Users\User\Desktop\django-aiogram-bot\staticfiles\grappelli\tinymce\jscripts\tiny_mce\plugins\autolink\editor_plugin.js", "JavaScript", 0, 0, 1, 0, 0, 0, 0, 0, 0, 0, 1
"c:\Users\User\Desktop\django-aiogram-bot\staticfiles\grappelli\tinymce\jscripts\tiny_mce\plugins\autolink\editor_plugin_src.js", "JavaScript", 0, 0, 117, 0, 0, 0, 0, 0, 38, 30, 185
"c:\Users\User\Desktop\django-aiogram-bot\staticfiles\grappelli\tinymce\jscripts\tiny_mce\plugins\autoresize\editor_plugin.js", "JavaScript", 0, 0, 1, 0, 0, 0, 0, 0, 0, 0, 1
"c:\Users\User\Desktop\django-aiogram-bot\staticfiles\grappelli\tinymce\jscripts\tiny_mce\plugins\autoresize\editor_plugin_src.js", "JavaScript", 0, 0, 57, 0, 0, 0, 0, 0, 45, 18, 120
"c:\Users\User\Desktop\django-aiogram-bot\staticfiles\grappelli\tinymce\jscripts\tiny_mce\plugins\autosave\editor_plugin.js", "JavaScript", 0, 0, 1, 0, 0, 0, 0, 0, 0, 0, 1
"c:\Users\User\Desktop\django-aiogram-bot\staticfiles\grappelli\tinymce\jscripts\tiny_mce\plugins\autosave\editor_plugin_src.js", "JavaScript", 0, 0, 220, 0, 0, 0, 0, 0, 154, 60, 434
"c:\Users\User\Desktop\django-aiogram-bot\staticfiles\grappelli\tinymce\jscripts\tiny_mce\plugins\bbcode\editor_plugin.js", "JavaScript", 0, 0, 1, 0, 0, 0, 0, 0, 0, 0, 1
"c:\Users\User\Desktop\django-aiogram-bot\staticfiles\grappelli\tinymce\jscripts\tiny_mce\plugins\bbcode\editor_plugin_src.js", "JavaScript", 0, 0, 90, 0, 0, 0, 0, 0, 15, 15, 120
"c:\Users\User\Desktop\django-aiogram-bot\staticfiles\grappelli\tinymce\jscripts\tiny_mce\plugins\contextmenu\editor_plugin.js", "JavaScript", 0, 0, 1, 0, 0, 0, 0, 0, 0, 0, 1
"c:\Users\User\Desktop\django-aiogram-bot\staticfiles\grappelli\tinymce\jscripts\tiny_mce\plugins\contextmenu\editor_plugin_src.js", "JavaScript", 0, 0, 92, 0, 0, 0, 0, 0, 42, 30, 164
"c:\Users\User\Desktop\django-aiogram-bot\staticfiles\grappelli\tinymce\jscripts\tiny_mce\plugins\directionality\editor_plugin.js", "JavaScript", 0, 0, 1, 0, 0, 0, 0, 0, 0, 0, 1
"c:\Users\User\Desktop\django-aiogram-bot\staticfiles\grappelli\tinymce\jscripts\tiny_mce\plugins\directionality\editor_plugin_src.js", "JavaScript", 0, 0, 57, 0, 0, 0, 0, 0, 12, 16, 85
"c:\Users\User\Desktop\django-aiogram-bot\staticfiles\grappelli\tinymce\jscripts\tiny_mce\plugins\emotions\editor_plugin.js", "JavaScript", 0, 0, 1, 0, 0, 0, 0, 0, 0, 0, 1
"c:\Users\User\Desktop\django-aiogram-bot\staticfiles\grappelli\tinymce\jscripts\tiny_mce\plugins\emotions\editor_plugin_src.js", "JavaScript", 0, 0, 27, 0, 0, 0, 0, 0, 12, 4, 43
"c:\Users\User\Desktop\django-aiogram-bot\staticfiles\grappelli\tinymce\jscripts\tiny_mce\plugins\emotions\emotions.htm", "HTML", 41, 0, 0, 0, 0, 0, 0, 0, 0, 2, 43
"c:\Users\User\Desktop\django-aiogram-bot\staticfiles\grappelli\tinymce\jscripts\tiny_mce\plugins\emotions\js\emotions.js", "JavaScript", 0, 0, 36, 0, 0, 0, 0, 0, 0, 8, 44
"c:\Users\User\Desktop\django-aiogram-bot\staticfiles\grappelli\tinymce\jscripts\tiny_mce\plugins\emotions\langs\en_dlg.js", "JavaScript", 0, 0, 1, 0, 0, 0, 0, 0, 0, 1, 2
"c:\Users\User\Desktop\django-aiogram-bot\staticfiles\grappelli\tinymce\jscripts\tiny_mce\plugins\example\dialog.htm", "HTML", 19, 0, 0, 0, 0, 0, 0, 0, 0, 4, 23
"c:\Users\User\Desktop\django-aiogram-bot\staticfiles\grappelli\tinymce\jscripts\tiny_mce\plugins\example\editor_plugin.js", "JavaScript", 0, 0, 1, 0, 0, 0, 0, 0, 0, 0, 1
"c:\Users\User\Desktop\django-aiogram-bot\staticfiles\grappelli\tinymce\jscripts\tiny_mce\plugins\example\editor_plugin_src.js", "JavaScript", 0, 0, 39, 0, 0, 0, 0, 0, 38, 7, 84
"c:\Users\User\Desktop\django-aiogram-bot\staticfiles\grappelli\tinymce\jscripts\tiny_mce\plugins\example\js\dialog.js", "JavaScript", 0, 0, 13, 0, 0, 0, 0, 0, 2, 5, 20
"c:\Users\User\Desktop\django-aiogram-bot\staticfiles\grappelli\tinymce\jscripts\tiny_mce\plugins\example\langs\en.js", "JavaScript", 0, 0, 3, 0, 0, 0, 0, 0, 0, 1, 4
"c:\Users\User\Desktop\django-aiogram-bot\staticfiles\grappelli\tinymce\jscripts\tiny_mce\plugins\example\langs\en_dlg.js", "JavaScript", 0, 0, 3, 0, 0, 0, 0, 0, 0, 1, 4
"c:\Users\User\Desktop\django-aiogram-bot\staticfiles\grappelli\tinymce\jscripts\tiny_mce\plugins\example_dependency\editor_plugin.js", "JavaScript", 0, 0, 1, 0, 0, 0, 0, 0, 0, 0, 1
"c:\Users\User\Desktop\django-aiogram-bot\staticfiles\grappelli\tinymce\jscripts\tiny_mce\plugins\example_dependency\editor_plugin_src.js", "JavaScript", 0, 0, 16, 0, 0, 0, 0, 0, 29, 6, 51
"c:\Users\User\Desktop\django-aiogram-bot\staticfiles\grappelli\tinymce\jscripts\tiny_mce\plugins\fullpage\css\fullpage.css", "CSS", 0, 0, 0, 108, 0, 0, 0, 0, 3, 32, 143
"c:\Users\User\Desktop\django-aiogram-bot\staticfiles\grappelli\tinymce\jscripts\tiny_mce\plugins\fullpage\editor_plugin.js", "JavaScript", 0, 0, 1, 0, 0, 0, 0, 0, 0, 0, 1
"c:\Users\User\Desktop\django-aiogram-bot\staticfiles\grappelli\tinymce\jscripts\tiny_mce\plugins\fullpage\editor_plugin_src.js", "JavaScript", 0, 0, 291, 0, 0, 0, 0, 0, 36, 79, 406
"c:\Users\User\Desktop\django-aiogram-bot\staticfiles\grappelli\tinymce\jscripts\tiny_mce\plugins\fullpage\fullpage.htm", "HTML", 239, 0, 0, 0, 0, 0, 0, 0, 0, 21, 260
"c:\Users\User\Desktop\django-aiogram-bot\staticfiles\grappelli\tinymce\jscripts\tiny_mce\plugins\fullpage\js\fullpage.js", "JavaScript", 0, 0, 162, 0, 0, 0, 0, 0, 20, 51, 233
"c:\Users\User\Desktop\django-aiogram-bot\staticfiles\grappelli\tinymce\jscripts\tiny_mce\plugins\fullpage\langs\en_dlg.js", "JavaScript", 0, 0, 1, 0, 0, 0, 0, 0, 0, 0, 1
"c:\Users\User\Desktop\django-aiogram-bot\staticfiles\grappelli\tinymce\jscripts\tiny_mce\plugins\fullscreen\editor_plugin.js", "JavaScript", 0, 0, 1, 0, 0, 0, 0, 0, 0, 0, 1
"c:\Users\User\Desktop\django-aiogram-bot\staticfiles\grappelli\tinymce\jscripts\tiny_mce\plugins\fullscreen\editor_plugin_src.js", "JavaScript", 0, 0, 111, 0, 0, 0, 0, 0, 19, 30, 160
"c:\Users\User\Desktop\django-aiogram-bot\staticfiles\grappelli\tinymce\jscripts\tiny_mce\plugins\fullscreen\fullscreen.htm", "HTML", 88, 0, 0, 0, 0, 0, 0, 0, 0, 23, 111
"c:\Users\User\Desktop\django-aiogram-bot\staticfiles\grappelli\tinymce\jscripts\tiny_mce\plugins\grappelli\editor_plugin.js", "JavaScript", 0, 0, 1, 0, 0, 0, 0, 0, 0, 0, 1
"c:\Users\User\Desktop\django-aiogram-bot\staticfiles\grappelli\tinymce\jscripts\tiny_mce\plugins\grappelli\editor_plugin_src.js", "JavaScript", 0, 0, 144, 0, 0, 0, 0, 0, 36, 27, 207
"c:\Users\User\Desktop\django-aiogram-bot\staticfiles\grappelli\tinymce\jscripts\tiny_mce\plugins\grappelli\langs\cs.js", "JavaScript", 0, 0, 4, 0, 0, 0, 0, 0, 0, 1, 5
"c:\Users\User\Desktop\django-aiogram-bot\staticfiles\grappelli\tinymce\jscripts\tiny_mce\plugins\grappelli\langs\de.js", "JavaScript", 0, 0, 4, 0, 0, 0, 0, 0, 0, 1, 5
"c:\Users\User\Desktop\django-aiogram-bot\staticfiles\grappelli\tinymce\jscripts\tiny_mce\plugins\grappelli\langs\en.js", "JavaScript", 0, 0, 4, 0, 0, 0, 0, 0, 0, 0, 4
"c:\Users\User\Desktop\django-aiogram-bot\staticfiles\grappelli\tinymce\jscripts\tiny_mce\plugins\grappelli\langs\fr.js", "JavaScript", 0, 0, 4, 0, 0, 0, 0, 0, 0, 1, 5
"c:\Users\User\Desktop\django-aiogram-bot\staticfiles\grappelli\tinymce\jscripts\tiny_mce\plugins\grappelli\langs\pl.js", "JavaScript", 0, 0, 4, 0, 0, 0, 0, 0, 0, 1, 5
"c:\Users\User\Desktop\django-aiogram-bot\staticfiles\grappelli\tinymce\jscripts\tiny_mce\plugins\grappelli\langs\ru.js", "JavaScript", 0, 0, 4, 0, 0, 0, 0, 0, 0, 0, 4
"c:\Users\User\Desktop\django-aiogram-bot\staticfiles\grappelli\tinymce\jscripts\tiny_mce\plugins\grappelli_contextmenu\editor_plugin.js", "JavaScript", 0, 0, 1, 0, 0, 0, 0, 0, 0, 0, 1
"c:\Users\User\Desktop\django-aiogram-bot\staticfiles\grappelli\tinymce\jscripts\tiny_mce\plugins\grappelli_contextmenu\editor_plugin_src.js", "JavaScript", 0, 0, 211, 0, 0, 0, 0, 0, 8, 31, 250
"c:\Users\User\Desktop\django-aiogram-bot\staticfiles\grappelli\tinymce\jscripts\tiny_mce\plugins\grappelli_contextmenu\langs\cs.js", "JavaScript", 0, 0, 18, 0, 0, 0, 0, 0, 0, 2, 20
"c:\Users\User\Desktop\django-aiogram-bot\staticfiles\grappelli\tinymce\jscripts\tiny_mce\plugins\grappelli_contextmenu\langs\de.js", "JavaScript", 0, 0, 18, 0, 0, 0, 0, 0, 0, 3, 21
"c:\Users\User\Desktop\django-aiogram-bot\staticfiles\grappelli\tinymce\jscripts\tiny_mce\plugins\grappelli_contextmenu\langs\en.js", "JavaScript", 0, 0, 18, 0, 0, 0, 0, 0, 0, 2, 20
"c:\Users\User\Desktop\django-aiogram-bot\staticfiles\grappelli\tinymce\jscripts\tiny_mce\plugins\grappelli_contextmenu\langs\fr.js", "JavaScript", 0, 0, 10, 0, 0, 0, 0, 0, 0, 1, 11
"c:\Users\User\Desktop\django-aiogram-bot\staticfiles\grappelli\tinymce\jscripts\tiny_mce\plugins\grappelli_contextmenu\langs\pl.js", "JavaScript", 0, 0, 18, 0, 0, 0, 0, 0, 0, 2, 20
"c:\Users\User\Desktop\django-aiogram-bot\staticfiles\grappelli\tinymce\jscripts\tiny_mce\plugins\grappelli_contextmenu\langs\ru.js", "JavaScript", 0, 0, 18, 0, 0, 0, 0, 0, 0, 2, 20
"c:\Users\User\Desktop\django-aiogram-bot\staticfiles\grappelli\tinymce\jscripts\tiny_mce\plugins\iespell\editor_plugin.js", "JavaScript", 0, 0, 1, 0, 0, 0, 0, 0, 0, 0, 1
"c:\Users\User\Desktop\django-aiogram-bot\staticfiles\grappelli\tinymce\jscripts\tiny_mce\plugins\iespell\editor_plugin_src.js", "JavaScript", 0, 0, 35, 0, 0, 0, 0, 0, 12, 7, 54
"c:\Users\User\Desktop\django-aiogram-bot\staticfiles\grappelli\tinymce\jscripts\tiny_mce\plugins\inlinepopups\editor_plugin.js", "JavaScript", 0, 0, 1, 0, 0, 0, 0, 0, 0, 0, 1
"c:\Users\User\Desktop\django-aiogram-bot\staticfiles\grappelli\tinymce\jscripts\tiny_mce\plugins\inlinepopups\editor_plugin_src.js", "JavaScript", 0, 0, 511, 0, 0, 0, 0, 0, 50, 139, 700
"c:\Users\User\Desktop\django-aiogram-bot\staticfiles\grappelli\tinymce\jscripts\tiny_mce\plugins\inlinepopups\skins\clearlooks2\window.css", "CSS", 0, 0, 0, 73, 0, 0, 0, 0, 9, 9, 91
"c:\Users\User\Desktop\django-aiogram-bot\staticfiles\grappelli\tinymce\jscripts\tiny_mce\plugins\inlinepopups\template.htm", "HTML", 345, 0, 0, 0, 0, 0, 0, 0, 1, 42, 388
"c:\Users\User\Desktop\django-aiogram-bot\staticfiles\grappelli\tinymce\jscripts\tiny_mce\plugins\insertdatetime\editor_plugin.js", "JavaScript", 0, 0, 1, 0, 0, 0, 0, 0, 0, 0, 1
"c:\Users\User\Desktop\django-aiogram-bot\staticfiles\grappelli\tinymce\jscripts\tiny_mce\plugins\insertdatetime\editor_plugin_src.js", "JavaScript", 0, 0, 56, 0, 0, 0, 0, 0, 11, 16, 83
"c:\Users\User\Desktop\django-aiogram-bot\staticfiles\grappelli\tinymce\jscripts\tiny_mce\plugins\layer\editor_plugin.js", "JavaScript", 0, 0, 1, 0, 0, 0, 0, 0, 0, 0, 1
"c:\Users\User\Desktop\django-aiogram-bot\staticfiles\grappelli\tinymce\jscripts\tiny_mce\plugins\layer\editor_plugin_src.js", "JavaScript", 0, 0, 188, 0, 0, 0, 0, 0, 24, 50, 262
"c:\Users\User\Desktop\django-aiogram-bot\staticfiles\grappelli\tinymce\jscripts\tiny_mce\plugins\legacyoutput\editor_plugin.js", "JavaScript", 0, 0, 1, 0, 0, 0, 0, 0, 0, 0, 1
"c:\Users\User\Desktop\django-aiogram-bot\staticfiles\grappelli\tinymce\jscripts\tiny_mce\plugins\legacyoutput\editor_plugin_src.js", "JavaScript", 0, 0, 92, 0, 0, 0, 0, 0, 30, 18, 140
"c:\Users\User\Desktop\django-aiogram-bot\staticfiles\grappelli\tinymce\jscripts\tiny_mce\plugins\lists\editor_plugin.js", "JavaScript", 0, 0, 1, 0, 0, 0, 0, 0, 0, 0, 1
"c:\Users\User\Desktop\django-aiogram-bot\staticfiles\grappelli\tinymce\jscripts\tiny_mce\plugins\lists\editor_plugin_src.js", "JavaScript", 0, 0, 793, 0, 0, 0, 0, 0, 58, 105, 956
"c:\Users\User\Desktop\django-aiogram-bot\staticfiles\grappelli\tinymce\jscripts\tiny_mce\plugins\media\css\media.css", "CSS", 0, 0, 0, 17, 0, 0, 0, 0, 0, 1, 18
"c:\Users\User\Desktop\django-aiogram-bot\staticfiles\grappelli\tinymce\jscripts\tiny_mce\plugins\media\editor_plugin.js", "JavaScript", 0, 0, 1, 0, 0, 0, 0, 0, 0, 0, 1
"c:\Users\User\Desktop\django-aiogram-bot\staticfiles\grappelli\tinymce\jscripts\tiny_mce\plugins\media\editor_plugin_src.js", "JavaScript", 0, 0, 632, 0, 0, 0, 0, 0, 102, 165, 899
"c:\Users\User\Desktop\django-aiogram-bot\staticfiles\grappelli\tinymce\jscripts\tiny_mce\plugins\media\js\embed.js", "JavaScript", 0, 0, 58, 0, 0, 0, 0, 0, 3, 13, 74
"c:\Users\User\Desktop\django-aiogram-bot\staticfiles\grappelli\tinymce\jscripts\tiny_mce\plugins\media\js\media.js", "JavaScript", 0, 0, 397, 0, 0, 0, 0, 0, 18, 99, 514
"c:\Users\User\Desktop\django-aiogram-bot\staticfiles\grappelli\tinymce\jscripts\tiny_mce\plugins\media\langs\en_dlg.js", "JavaScript", 0, 0, 1, 0, 0, 0, 0, 0, 0, 1, 2
"c:\Users\User\Desktop\django-aiogram-bot\staticfiles\grappelli\tinymce\jscripts\tiny_mce\plugins\media\media.htm", "HTML", 807, 0, 0, 0, 0, 0, 0, 0, 1, 12, 820
"c:\Users\User\Desktop\django-aiogram-bot\staticfiles\grappelli\tinymce\jscripts\tiny_mce\plugins\media_orig\css\media.css", "CSS", 0, 0, 0, 17, 0, 0, 0, 0, 0, 1, 18
"c:\Users\User\Desktop\django-aiogram-bot\staticfiles\grappelli\tinymce\jscripts\tiny_mce\plugins\media_orig\editor_plugin.js", "JavaScript", 0, 0, 1, 0, 0, 0, 0, 0, 0, 0, 1
"c:\Users\User\Desktop\django-aiogram-bot\staticfiles\grappelli\tinymce\jscripts\tiny_mce\plugins\media_orig\editor_plugin_src.js", "JavaScript", 0, 0, 632, 0, 0, 0, 0, 0, 102, 165, 899
"c:\Users\User\Desktop\django-aiogram-bot\staticfiles\grappelli\tinymce\jscripts\tiny_mce\plugins\media_orig\js\embed.js", "JavaScript", 0, 0, 58, 0, 0, 0, 0, 0, 3, 13, 74
"c:\Users\User\Desktop\django-aiogram-bot\staticfiles\grappelli\tinymce\jscripts\tiny_mce\plugins\media_orig\js\media.js", "JavaScript", 0, 0, 397, 0, 0, 0, 0, 0, 18, 99, 514
"c:\Users\User\Desktop\django-aiogram-bot\staticfiles\grappelli\tinymce\jscripts\tiny_mce\plugins\media_orig\langs\en_dlg.js", "JavaScript", 0, 0, 1, 0, 0, 0, 0, 0, 0, 1, 2
"c:\Users\User\Desktop\django-aiogram-bot\staticfiles\grappelli\tinymce\jscripts\tiny_mce\plugins\media_orig\media.htm", "HTML", 816, 0, 0, 0, 0, 0, 0, 0, 0, 107, 923
"c:\Users\User\Desktop\django-aiogram-bot\staticfiles\grappelli\tinymce\jscripts\tiny_mce\plugins\nonbreaking\editor_plugin.js", "JavaScript", 0, 0, 1, 0, 0, 0, 0, 0, 0, 0, 1
"c:\Users\User\Desktop\django-aiogram-bot\staticfiles\grappelli\tinymce\jscripts\tiny_mce\plugins\nonbreaking\editor_plugin_src.js", "JavaScript", 0, 0, 32, 0, 0, 0, 0, 0, 13, 9, 54
"c:\Users\User\Desktop\django-aiogram-bot\staticfiles\grappelli\tinymce\jscripts\tiny_mce\plugins\noneditable\editor_plugin.js", "JavaScript", 0, 0, 1, 0, 0, 0, 0, 0, 0, 0, 1
"c:\Users\User\Desktop\django-aiogram-bot\staticfiles\grappelli\tinymce\jscripts\tiny_mce\plugins\noneditable\editor_plugin_src.js", "JavaScript", 0, 0, 378, 0, 0, 0, 0, 0, 62, 97, 537
"c:\Users\User\Desktop\django-aiogram-bot\staticfiles\grappelli\tinymce\jscripts\tiny_mce\plugins\pagebreak\editor_plugin.js", "JavaScript", 0, 0, 1, 0, 0, 0, 0, 0, 0, 0, 1
"c:\Users\User\Desktop\django-aiogram-bot\staticfiles\grappelli\tinymce\jscripts\tiny_mce\plugins\pagebreak\editor_plugin_src.js", "JavaScript", 0, 0, 49, 0, 0, 0, 0, 0, 12, 13, 74
"c:\Users\User\Desktop\django-aiogram-bot\staticfiles\grappelli\tinymce\jscripts\tiny_mce\plugins\paste\editor_plugin.js", "JavaScript", 0, 0, 1, 0, 0, 0, 0, 0, 0, 0, 1
"c:\Users\User\Desktop\django-aiogram-bot\staticfiles\grappelli\tinymce\jscripts\tiny_mce\plugins\paste\editor_plugin_src.js", "JavaScript", 0, 0, 587, 0, 0, 0, 0, 0, 149, 150, 886
"c:\Users\User\Desktop\django-aiogram-bot\staticfiles\grappelli\tinymce\jscripts\tiny_mce\plugins\paste\js\pastetext.js", "JavaScript", 0, 0, 27, 0, 0, 0, 0, 0, 1, 9, 37
"c:\Users\User\Desktop\django-aiogram-bot\staticfiles\grappelli\tinymce\jscripts\tiny_mce\plugins\paste\js\pasteword.js", "JavaScript", 0, 0, 36, 0, 0, 0, 0, 0, 3, 13, 52
"c:\Users\User\Desktop\django-aiogram-bot\staticfiles\grappelli\tinymce\jscripts\tiny_mce\plugins\paste\langs\en_dlg.js", "JavaScript", 0, 0, 1, 0, 0, 0, 0, 0, 0, 0, 1
"c:\Users\User\Desktop\django-aiogram-bot\staticfiles\grappelli\tinymce\jscripts\tiny_mce\plugins\paste\pastetext.htm", "HTML", 27, 0, 0, 0, 0, 0, 0, 0, 0, 6, 33
"c:\Users\User\Desktop\django-aiogram-bot\staticfiles\grappelli\tinymce\jscripts\tiny_mce\plugins\paste\pasteword.htm", "HTML", 21, 0, 0, 0, 0, 0, 0, 0, 0, 1, 22
"c:\Users\User\Desktop\django-aiogram-bot\staticfiles\grappelli\tinymce\jscripts\tiny_mce\plugins\paste_orig\editor_plugin.js", "JavaScript", 0, 0, 1, 0, 0, 0, 0, 0, 0, 0, 1
"c:\Users\User\Desktop\django-aiogram-bot\staticfiles\grappelli\tinymce\jscripts\tiny_mce\plugins\paste_orig\editor_plugin_src.js", "JavaScript", 0, 0, 587, 0, 0, 0, 0, 0, 149, 150, 886
"c:\Users\User\Desktop\django-aiogram-bot\staticfiles\grappelli\tinymce\jscripts\tiny_mce\plugins\paste_orig\js\pastetext.js", "JavaScript", 0, 0, 27, 0, 0, 0, 0, 0, 1, 9, 37
"c:\Users\User\Desktop\django-aiogram-bot\staticfiles\grappelli\tinymce\jscripts\tiny_mce\plugins\paste_orig\js\pasteword.js", "JavaScript", 0, 0, 36, 0, 0, 0, 0, 0, 3, 13, 52
"c:\Users\User\Desktop\django-aiogram-bot\staticfiles\grappelli\tinymce\jscripts\tiny_mce\plugins\paste_orig\langs\en_dlg.js", "JavaScript", 0, 0, 1, 0, 0, 0, 0, 0, 0, 0, 1
"c:\Users\User\Desktop\django-aiogram-bot\staticfiles\grappelli\tinymce\jscripts\tiny_mce\plugins\paste_orig\pastetext.htm", "HTML", 22, 0, 0, 0, 0, 0, 0, 0, 0, 5, 27
"c:\Users\User\Desktop\django-aiogram-bot\staticfiles\grappelli\tinymce\jscripts\tiny_mce\plugins\paste_orig\pasteword.htm", "HTML", 18, 0, 0, 0, 0, 0, 0, 0, 0, 4, 22
"c:\Users\User\Desktop\django-aiogram-bot\staticfiles\grappelli\tinymce\jscripts\tiny_mce\plugins\preview\editor_plugin.js", "JavaScript", 0, 0, 1, 0, 0, 0, 0, 0, 0, 0, 1
"c:\Users\User\Desktop\django-aiogram-bot\staticfiles\grappelli\tinymce\jscripts\tiny_mce\plugins\preview\editor_plugin_src.js", "JavaScript", 0, 0, 35, 0, 0, 0, 0, 0, 11, 7, 53
"c:\Users\User\Desktop\django-aiogram-bot\staticfiles\grappelli\tinymce\jscripts\tiny_mce\plugins\preview\example.html", "HTML", 23, 0, 0, 0, 0, 0, 0, 0, 1, 5, 29
"c:\Users\User\Desktop\django-aiogram-bot\staticfiles\grappelli\tinymce\jscripts\tiny_mce\plugins\preview\jscripts\embed.js", "JavaScript", 0, 0, 58, 0, 0, 0, 0, 0, 3, 13, 74
"c:\Users\User\Desktop\django-aiogram-bot\staticfiles\grappelli\tinymce\jscripts\tiny_mce\plugins\preview\preview.html", "HTML", 15, 0, 0, 0, 0, 0, 0, 0, 2, 1, 18
"c:\Users\User\Desktop\django-aiogram-bot\staticfiles\grappelli\tinymce\jscripts\tiny_mce\plugins\print\editor_plugin.js", "JavaScript", 0, 0, 1, 0, 0, 0, 0, 0, 0, 0, 1
"c:\Users\User\Desktop\django-aiogram-bot\staticfiles\grappelli\tinymce\jscripts\tiny_mce\plugins\print\editor_plugin_src.js", "JavaScript", 0, 0, 20, 0, 0, 0, 0, 0, 10, 5, 35
"c:\Users\User\Desktop\django-aiogram-bot\staticfiles\grappelli\tinymce\jscripts\tiny_mce\plugins\save\editor_plugin.js", "JavaScript", 0, 0, 1, 0, 0, 0, 0, 0, 0, 0, 1
"c:\Users\User\Desktop\django-aiogram-bot\staticfiles\grappelli\tinymce\jscripts\tiny_mce\plugins\save\editor_plugin_src.js", "JavaScript", 0, 0, 62, 0, 0, 0, 0, 0, 16, 23, 101
"c:\Users\User\Desktop\django-aiogram-bot\staticfiles\grappelli\tinymce\jscripts\tiny_mce\plugins\searchreplace\css\searchreplace.css", "CSS", 0, 0, 0, 4, 0, 0, 0, 0, 1, 2, 7
"c:\Users\User\Desktop\django-aiogram-bot\staticfiles\grappelli\tinymce\jscripts\tiny_mce\plugins\searchreplace\editor_plugin.js", "JavaScript", 0, 0, 1, 0, 0, 0, 0, 0, 0, 0, 1
"c:\Users\User\Desktop\django-aiogram-bot\staticfiles\grappelli\tinymce\jscripts\tiny_mce\plugins\searchreplace\editor_plugin_src.js", "JavaScript", 0, 0, 39, 0, 0, 0, 0, 0, 14, 8, 61
"c:\Users\User\Desktop\django-aiogram-bot\staticfiles\grappelli\tinymce\jscripts\tiny_mce\plugins\searchreplace\js\searchreplace.js", "JavaScript", 0, 0, 104, 0, 0, 0, 0, 0, 7, 32, 143
"c:\Users\User\Desktop\django-aiogram-bot\staticfiles\grappelli\tinymce\jscripts\tiny_mce\plugins\searchreplace\langs\en_dlg.js", "JavaScript", 0, 0, 1, 0, 0, 0, 0, 0, 0, 0, 1
"c:\Users\User\Desktop\django-aiogram-bot\staticfiles\grappelli\tinymce\jscripts\tiny_mce\plugins\searchreplace\searchreplace.htm", "HTML", 97, 0, 0, 0, 0, 0, 0, 0, 1, 4, 102
"c:\Users\User\Desktop\django-aiogram-bot\staticfiles\grappelli\tinymce\jscripts\tiny_mce\plugins\searchreplace_orig\css\searchreplace.css", "CSS", 0, 0, 0, 4, 0, 0, 0, 0, 1, 2, 7
"c:\Users\User\Desktop\django-aiogram-bot\staticfiles\grappelli\tinymce\jscripts\tiny_mce\plugins\searchreplace_orig\editor_plugin.js", "JavaScript", 0, 0, 1, 0, 0, 0, 0, 0, 0, 0, 1
"c:\Users\User\Desktop\django-aiogram-bot\staticfiles\grappelli\tinymce\jscripts\tiny_mce\plugins\searchreplace_orig\editor_plugin_src.js", "JavaScript", 0, 0, 39, 0, 0, 0, 0, 0, 14, 8, 61
"c:\Users\User\Desktop\django-aiogram-bot\staticfiles\grappelli\tinymce\jscripts\tiny_mce\plugins\searchreplace_orig\js\searchreplace.js", "JavaScript", 0, 0, 104, 0, 0, 0, 0, 0, 7, 32, 143
"c:\Users\User\Desktop\django-aiogram-bot\staticfiles\grappelli\tinymce\jscripts\tiny_mce\plugins\searchreplace_orig\langs\en_dlg.js", "JavaScript", 0, 0, 1, 0, 0, 0, 0, 0, 0, 0, 1
"c:\Users\User\Desktop\django-aiogram-bot\staticfiles\grappelli\tinymce\jscripts\tiny_mce\plugins\searchreplace_orig\searchreplace.htm", "HTML", 96, 0, 0, 0, 0, 0, 0, 0, 0, 5, 101
"c:\Users\User\Desktop\django-aiogram-bot\staticfiles\grappelli\tinymce\jscripts\tiny_mce\plugins\spellchecker\css\content.css", "CSS", 0, 0, 0, 1, 0, 0, 0, 0, 0, 1, 2
"c:\Users\User\Desktop\django-aiogram-bot\staticfiles\grappelli\tinymce\jscripts\tiny_mce\plugins\spellchecker\editor_plugin.js", "JavaScript", 0, 0, 1, 0, 0, 0, 0, 0, 0, 0, 1
"c:\Users\User\Desktop\django-aiogram-bot\staticfiles\grappelli\tinymce\jscripts\tiny_mce\plugins\spellchecker\editor_plugin_src.js", "JavaScript", 0, 0, 314, 0, 0, 0, 0, 0, 42, 81, 437
"c:\Users\User\Desktop\django-aiogram-bot\staticfiles\grappelli\tinymce\jscripts\tiny_mce\plugins\style\css\props.css", "CSS", 0, 0, 0, 14, 0, 0, 0, 0, 0, 1, 15
"c:\Users\User\Desktop\django-aiogram-bot\staticfiles\grappelli\tinymce\jscripts\tiny_mce\plugins\style\editor_plugin.js", "JavaScript", 0, 0, 1, 0, 0, 0, 0, 0, 0, 0, 1
"c:\Users\User\Desktop\django-aiogram-bot\staticfiles\grappelli\tinymce\jscripts\tiny_mce\plugins\style\editor_plugin_src.js", "JavaScript", 0, 0, 50, 0, 0, 0, 0, 0, 12, 10, 72
"c:\Users\User\Desktop\django-aiogram-bot\staticfiles\grappelli\tinymce\jscripts\tiny_mce\plugins\style\js\props.js", "JavaScript", 0, 0, 548, 0, 0, 0, 0, 0, 15, 147, 710
"c:\Users\User\Desktop\django-aiogram-bot\staticfiles\grappelli\tinymce\jscripts\tiny_mce\plugins\style\langs\en_dlg.js", "JavaScript", 0, 0, 1, 0, 0, 0, 0, 0, 0, 1, 2
"c:\Users\User\Desktop\django-aiogram-bot\staticfiles\grappelli\tinymce\jscripts\tiny_mce\plugins\style\props.htm", "HTML", 802, 0, 0, 0, 0, 0, 0, 0, 0, 44, 846
"c:\Users\User\Desktop\django-aiogram-bot\staticfiles\grappelli\tinymce\jscripts\tiny_mce\plugins\tabfocus\editor_plugin.js", "JavaScript", 0, 0, 1, 0, 0, 0, 0, 0, 0, 0, 1
"c:\Users\User\Desktop\django-aiogram-bot\staticfiles\grappelli\tinymce\jscripts\tiny_mce\plugins\tabfocus\editor_plugin_src.js", "JavaScript", 0, 0, 94, 0, 0, 0, 0, 0, 11, 18, 123
"c:\Users\User\Desktop\django-aiogram-bot\staticfiles\grappelli\tinymce\jscripts\tiny_mce\plugins\table\cell.htm", "HTML", 161, 0, 0, 0, 0, 0, 0, 0, 0, 20, 181
"c:\Users\User\Desktop\django-aiogram-bot\staticfiles\grappelli\tinymce\jscripts\tiny_mce\plugins\table\css\cell.css", "CSS", 0, 0, 0, 12, 0, 0, 0, 0, 1, 4, 17
"c:\Users\User\Desktop\django-aiogram-bot\staticfiles\grappelli\tinymce\jscripts\tiny_mce\plugins\table\css\row.css", "CSS", 0, 0, 0, 18, 0, 0, 0, 0, 1, 7, 26
"c:\Users\User\Desktop\django-aiogram-bot\staticfiles\grappelli\tinymce\jscripts\tiny_mce\plugins\table\css\table.css", "CSS", 0, 0, 0, 9, 0, 0, 0, 0, 1, 4, 14
"c:\Users\User\Desktop\django-aiogram-bot\staticfiles\grappelli\tinymce\jscripts\tiny_mce\plugins\table\editor_plugin.js", "JavaScript", 0, 0, 1, 0, 0, 0, 0, 0, 0, 0, 1
"c:\Users\User\Desktop\django-aiogram-bot\staticfiles\grappelli\tinymce\jscripts\tiny_mce\plugins\table\editor_plugin_src.js", "JavaScript", 0, 0, 1065, 0, 0, 0, 0, 0, 120, 272, 1457
"c:\Users\User\Desktop\django-aiogram-bot\staticfiles\grappelli\tinymce\jscripts\tiny_mce\plugins\table\js\cell.js", "JavaScript", 0, 0, 242, 0, 0, 0, 0, 0, 8, 70, 320
"c:\Users\User\Desktop\django-aiogram-bot\staticfiles\grappelli\tinymce\jscripts\tiny_mce\plugins\table\js\merge_cells.js", "JavaScript", 0, 0, 19, 0, 0, 0, 0, 0, 0, 9, 28
"c:\Users\User\Desktop\django-aiogram-bot\staticfiles\grappelli\tinymce\jscripts\tiny_mce\plugins\table\js\row.js", "JavaScript", 0, 0, 186, 0, 0, 0, 0, 0, 14, 55, 255
"c:\Users\User\Desktop\django-aiogram-bot\staticfiles\grappelli\tinymce\jscripts\tiny_mce\plugins\table\js\table.js", "JavaScript", 0, 0, 360, 0, 0, 0, 0, 0, 38, 104, 502
"c:\Users\User\Desktop\django-aiogram-bot\staticfiles\grappelli\tinymce\jscripts\tiny_mce\plugins\table\langs\en_dlg.js", "JavaScript", 0, 0, 1, 0, 0, 0, 0, 0, 0, 0, 1
"c:\Users\User\Desktop\django-aiogram-bot\staticfiles\grappelli\tinymce\jscripts\tiny_mce\plugins\table\merge_cells.htm", "HTML", 31, 0, 0, 0, 0, 0, 0, 0, 0, 2, 33
"c:\Users\User\Desktop\django-aiogram-bot\staticfiles\grappelli\tinymce\jscripts\tiny_mce\plugins\table\row.htm", "HTML", 143, 0, 0, 0, 0, 0, 0, 0, 0, 16, 159
"c:\Users\User\Desktop\django-aiogram-bot\staticfiles\grappelli\tinymce\jscripts\tiny_mce\plugins\table\table.htm", "HTML", 181, 0, 0, 0, 0, 0, 0, 0, 0, 14, 195
"c:\Users\User\Desktop\django-aiogram-bot\staticfiles\grappelli\tinymce\jscripts\tiny_mce\plugins\template\blank.htm", "HTML", 11, 0, 0, 0, 0, 0, 0, 0, 0, 2, 13
"c:\Users\User\Desktop\django-aiogram-bot\staticfiles\grappelli\tinymce\jscripts\tiny_mce\plugins\template\css\template.css", "CSS", 0, 0, 0, 19, 0, 0, 0, 0, 0, 5, 24
"c:\Users\User\Desktop\django-aiogram-bot\staticfiles\grappelli\tinymce\jscripts\tiny_mce\plugins\template\editor_plugin.js", "JavaScript", 0, 0, 1, 0, 0, 0, 0, 0, 0, 0, 1
"c:\Users\User\Desktop\django-aiogram-bot\staticfiles\grappelli\tinymce\jscripts\tiny_mce\plugins\template\editor_plugin_src.js", "JavaScript", 0, 0, 112, 0, 0, 0, 0, 0, 16, 31, 159
"c:\Users\User\Desktop\django-aiogram-bot\staticfiles\grappelli\tinymce\jscripts\tiny_mce\plugins\template\js\template.js", "JavaScript", 0, 0, 77, 0, 0, 0, 0, 0, 2, 28, 107
"c:\Users\User\Desktop\django-aiogram-bot\staticfiles\grappelli\tinymce\jscripts\tiny_mce\plugins\template\langs\en_dlg.js", "JavaScript", 0, 0, 1, 0, 0, 0, 0, 0, 0, 0, 1
"c:\Users\User\Desktop\django-aiogram-bot\staticfiles\grappelli\tinymce\jscripts\tiny_mce\plugins\template\template.htm", "HTML", 45, 0, 0, 0, 0, 0, 0, 0, 0, 1, 46
"c:\Users\User\Desktop\django-aiogram-bot\staticfiles\grappelli\tinymce\jscripts\tiny_mce\plugins\template_orig\blank.htm", "HTML", 11, 0, 0, 0, 0, 0, 0, 0, 0, 2, 13
"c:\Users\User\Desktop\django-aiogram-bot\staticfiles\grappelli\tinymce\jscripts\tiny_mce\plugins\template_orig\css\template.css", "CSS", 0, 0, 0, 19, 0, 0, 0, 0, 0, 5, 24
"c:\Users\User\Desktop\django-aiogram-bot\staticfiles\grappelli\tinymce\jscripts\tiny_mce\plugins\template_orig\editor_plugin.js", "JavaScript", 0, 0, 1, 0, 0, 0, 0, 0, 0, 0, 1
"c:\Users\User\Desktop\django-aiogram-bot\staticfiles\grappelli\tinymce\jscripts\tiny_mce\plugins\template_orig\editor_plugin_src.js", "JavaScript", 0, 0, 112, 0, 0, 0, 0, 0, 16, 31, 159
"c:\Users\User\Desktop\django-aiogram-bot\staticfiles\grappelli\tinymce\jscripts\tiny_mce\plugins\template_orig\js\template.js", "JavaScript", 0, 0, 77, 0, 0, 0, 0, 0, 2, 28, 107
"c:\Users\User\Desktop\django-aiogram-bot\staticfiles\grappelli\tinymce\jscripts\tiny_mce\plugins\template_orig\langs\en_dlg.js", "JavaScript", 0, 0, 1, 0, 0, 0, 0, 0, 0, 0, 1
"c:\Users\User\Desktop\django-aiogram-bot\staticfiles\grappelli\tinymce\jscripts\tiny_mce\plugins\template_orig\template.htm", "HTML", 30, 0, 0, 0, 0, 0, 0, 0, 0, 2, 32
"c:\Users\User\Desktop\django-aiogram-bot\staticfiles\grappelli\tinymce\jscripts\tiny_mce\plugins\visualblocks\css\visualblocks.css", "CSS", 0, 0, 0, 20, 0, 0, 0, 0, 0, 2, 22
"c:\Users\User\Desktop\django-aiogram-bot\staticfiles\grappelli\tinymce\jscripts\tiny_mce\plugins\visualblocks\editor_plugin.js", "JavaScript", 0, 0, 1, 0, 0, 0, 0, 0, 0, 0, 1
"c:\Users\User\Desktop\django-aiogram-bot\staticfiles\grappelli\tinymce\jscripts\tiny_mce\plugins\visualblocks\editor_plugin_src.js", "JavaScript", 0, 0, 42, 0, 0, 0, 0, 0, 11, 10, 63
"c:\Users\User\Desktop\django-aiogram-bot\staticfiles\grappelli\tinymce\jscripts\tiny_mce\plugins\visualchars\editor_plugin.js", "JavaScript", 0, 0, 1, 0, 0, 0, 0, 0, 0, 0, 1
"c:\Users\User\Desktop\django-aiogram-bot\staticfiles\grappelli\tinymce\jscripts\tiny_mce\plugins\visualchars\editor_plugin_src.js", "JavaScript", 0, 0, 53, 0, 0, 0, 0, 0, 13, 17, 83
"c:\Users\User\Desktop\django-aiogram-bot\staticfiles\grappelli\tinymce\jscripts\tiny_mce\plugins\wordcount\editor_plugin.js", "JavaScript", 0, 0, 1, 0, 0, 0, 0, 0, 0, 0, 1
"c:\Users\User\Desktop\django-aiogram-bot\staticfiles\grappelli\tinymce\jscripts\tiny_mce\plugins\wordcount\editor_plugin_src.js", "JavaScript", 0, 0, 86, 0, 0, 0, 0, 0, 12, 25, 123
"c:\Users\User\Desktop\django-aiogram-bot\staticfiles\grappelli\tinymce\jscripts\tiny_mce\plugins\xhtmlxtras\abbr.htm", "HTML", 128, 0, 0, 0, 0, 0, 0, 0, 1, 14, 143
"c:\Users\User\Desktop\django-aiogram-bot\staticfiles\grappelli\tinymce\jscripts\tiny_mce\plugins\xhtmlxtras\acronym.htm", "HTML", 128, 0, 0, 0, 0, 0, 0, 0, 1, 14, 143
"c:\Users\User\Desktop\django-aiogram-bot\staticfiles\grappelli\tinymce\jscripts\tiny_mce\plugins\xhtmlxtras\attributes.htm", "HTML", 135, 0, 0, 0, 0, 0, 0, 0, 0, 15, 150
"c:\Users\User\Desktop\django-aiogram-bot\staticfiles\grappelli\tinymce\jscripts\tiny_mce\plugins\xhtmlxtras\cite.htm", "HTML", 128, 0, 0, 0, 0, 0, 0, 0, 1, 14, 143
"c:\Users\User\Desktop\django-aiogram-bot\staticfiles\grappelli\tinymce\jscripts\tiny_mce\plugins\xhtmlxtras\css\attributes.css", "CSS", 0, 0, 0, 9, 0, 0, 0, 0, 0, 3, 12
"c:\Users\User\Desktop\django-aiogram-bot\staticfiles\grappelli\tinymce\jscripts\tiny_mce\plugins\xhtmlxtras\css\popup.css", "CSS", 0, 0, 0, 9, 0, 0, 0, 0, 0, 1, 10
"c:\Users\User\Desktop\django-aiogram-bot\staticfiles\grappelli\tinymce\jscripts\tiny_mce\plugins\xhtmlxtras\del.htm", "HTML", 148, 0, 0, 0, 0, 0, 0, 0, 1, 14, 163
"c:\Users\User\Desktop\django-aiogram-bot\staticfiles\grappelli\tinymce\jscripts\tiny_mce\plugins\xhtmlxtras\editor_plugin.js", "JavaScript", 0, 0, 1, 0, 0, 0, 0, 0, 0, 0, 1
"c:\Users\User\Desktop\django-aiogram-bot\staticfiles\grappelli\tinymce\jscripts\tiny_mce\plugins\xhtmlxtras\editor_plugin_src.js", "JavaScript", 0, 0, 105, 0, 0, 0, 0, 0, 14, 13, 132
"c:\Users\User\Desktop\django-aiogram-bot\staticfiles\grappelli\tinymce\jscripts\tiny_mce\plugins\xhtmlxtras\ins.htm", "HTML", 148, 0, 0, 0, 0, 0, 0, 0, 1, 14, 163
"c:\Users\User\Desktop\django-aiogram-bot\staticfiles\grappelli\tinymce\jscripts\tiny_mce\plugins\xhtmlxtras\js\abbr.js", "JavaScript", 0, 0, 15, 0, 0, 0, 0, 0, 9, 5, 29
"c:\Users\User\Desktop\django-aiogram-bot\staticfiles\grappelli\tinymce\jscripts\tiny_mce\plugins\xhtmlxtras\js\acronym.js", "JavaScript", 0, 0, 15, 0, 0, 0, 0, 0, 9, 5, 29
"c:\Users\User\Desktop\django-aiogram-bot\staticfiles\grappelli\tinymce\jscripts\tiny_mce\plugins\xhtmlxtras\js\attributes.js", "JavaScript", 0, 0, 83, 0, 0, 0, 0, 0, 12, 17, 112
"c:\Users\User\Desktop\django-aiogram-bot\staticfiles\grappelli\tinymce\jscripts\tiny_mce\plugins\xhtmlxtras\js\cite.js", "JavaScript", 0, 0, 15, 0, 0, 0, 0, 0, 9, 5, 29
"c:\Users\User\Desktop\django-aiogram-bot\staticfiles\grappelli\tinymce\jscripts\tiny_mce\plugins\xhtmlxtras\js\del.js", "JavaScript", 0, 0, 38, 0, 0, 0, 0, 0, 9, 7, 54
"c:\Users\User\Desktop\django-aiogram-bot\staticfiles\grappelli\tinymce\jscripts\tiny_mce\plugins\xhtmlxtras\js\element_common.js", "JavaScript", 0, 0, 170, 0, 0, 0, 0, 0, 22, 38, 230
"c:\Users\User\Desktop\django-aiogram-bot\staticfiles\grappelli\tinymce\jscripts\tiny_mce\plugins\xhtmlxtras\js\ins.js", "JavaScript", 0, 0, 38, 0, 0, 0, 0, 0, 9, 7, 54
"c:\Users\User\Desktop\django-aiogram-bot\staticfiles\grappelli\tinymce\jscripts\tiny_mce\plugins\xhtmlxtras\langs\en_dlg.js", "JavaScript", 0, 0, 1, 0, 0, 0, 0, 0, 0, 0, 1
"c:\Users\User\Desktop\django-aiogram-bot\staticfiles\grappelli\tinymce\jscripts\tiny_mce\themes\advanced\about.htm", "HTML", 45, 0, 0, 0, 0, 0, 0, 0, 0, 8, 53
"c:\Users\User\Desktop\django-aiogram-bot\staticfiles\grappelli\tinymce\jscripts\tiny_mce\themes\advanced\anchor.htm", "HTML", 25, 0, 0, 0, 0, 0, 0, 0, 0, 2, 27
"c:\Users\User\Desktop\django-aiogram-bot\staticfiles\grappelli\tinymce\jscripts\tiny_mce\themes\advanced\charmap.htm", "HTML", 53, 0, 0, 0, 0, 0, 0, 0, 1, 2, 56
"c:\Users\User\Desktop\django-aiogram-bot\staticfiles\grappelli\tinymce\jscripts\tiny_mce\themes\advanced\color_picker.htm", "HTML", 58, 0, 0, 0, 0, 0, 0, 0, 3, 10, 71
"c:\Users\User\Desktop\django-aiogram-bot\staticfiles\grappelli\tinymce\jscripts\tiny_mce\themes\advanced\editor_template.js", "JavaScript", 0, 0, 1, 0, 0, 0, 0, 0, 0, 0, 1
"c:\Users\User\Desktop\django-aiogram-bot\staticfiles\grappelli\tinymce\jscripts\tiny_mce\themes\advanced\editor_template_src.js", "JavaScript", 0, 0, 1089, 0, 0, 0, 0, 0, 91, 311, 1491
"c:\Users\User\Desktop\django-aiogram-bot\staticfiles\grappelli\tinymce\jscripts\tiny_mce\themes\advanced\image.htm", "HTML", 78, 0, 0, 0, 0, 0, 0, 0, 0, 3, 81
"c:\Users\User\Desktop\django-aiogram-bot\staticfiles\grappelli\tinymce\jscripts\tiny_mce\themes\advanced\js\about.js", "JavaScript", 0, 0, 52, 0, 0, 0, 0, 0, 1, 21, 74
"c:\Users\User\Desktop\django-aiogram-bot\staticfiles\grappelli\tinymce\jscripts\tiny_mce\themes\advanced\js\anchor.js", "JavaScript", 0, 0, 43, 0, 0, 0, 0, 0, 1, 13, 57
"c:\Users\User\Desktop\django-aiogram-bot\staticfiles\grappelli\tinymce\jscripts\tiny_mce\themes\advanced\js\charmap.js", "JavaScript", 0, 0, 327, 0, 0, 0, 0, 0, 18, 19, 364
"c:\Users\User\Desktop\django-aiogram-bot\staticfiles\grappelli\tinymce\jscripts\tiny_mce\themes\advanced\js\color_picker.js", "JavaScript", 0, 0, 275, 0, 0, 0, 0, 0, 2, 69, 346
"c:\Users\User\Desktop\django-aiogram-bot\staticfiles\grappelli\tinymce\jscripts\tiny_mce\themes\advanced\js\image.js", "JavaScript", 0, 0, 194, 0, 0, 0, 0, 0, 7, 53, 254
"c:\Users\User\Desktop\django-aiogram-bot\staticfiles\grappelli\tinymce\jscripts\tiny_mce\themes\advanced\js\link.js", "JavaScript", 0, 0, 123, 0, 0, 0, 0, 0, 4, 33, 160
"c:\Users\User\Desktop\django-aiogram-bot\staticfiles\grappelli\tinymce\jscripts\tiny_mce\themes\advanced\js\source_editor.js", "JavaScript", 0, 0, 61, 0, 0, 0, 0, 0, 1, 17, 79
"c:\Users\User\Desktop\django-aiogram-bot\staticfiles\grappelli\tinymce\jscripts\tiny_mce\themes\advanced\langs\en.js", "JavaScript", 0, 0, 1, 0, 0, 0, 0, 0, 0, 0, 1
"c:\Users\User\Desktop\django-aiogram-bot\staticfiles\grappelli\tinymce\jscripts\tiny_mce\themes\advanced\langs\en_dlg.js", "JavaScript", 0, 0, 1, 0, 0, 0, 0, 0, 0, 1, 2
"c:\Users\User\Desktop\django-aiogram-bot\staticfiles\grappelli\tinymce\jscripts\tiny_mce\themes\advanced\shortcuts.htm", "HTML", 44, 0, 0, 0, 0, 0, 0, 0, 0, 4, 48
"c:\Users\User\Desktop\django-aiogram-bot\staticfiles\grappelli\tinymce\jscripts\tiny_mce\themes\advanced\skins\default\content.css", "CSS", 0, 0, 0, 46, 0, 0, 0, 0, 1, 4, 51
"c:\Users\User\Desktop\django-aiogram-bot\staticfiles\grappelli\tinymce\jscripts\tiny_mce\themes\advanced\skins\default\dialog.css", "CSS", 0, 0, 0, 95, 0, 0, 0, 0, 11, 13, 119
"c:\Users\User\Desktop\django-aiogram-bot\staticfiles\grappelli\tinymce\jscripts\tiny_mce\themes\advanced\skins\default\ui.css", "CSS", 0, 0, 0, 190, 0, 0, 0, 0, 15, 15, 220
"c:\Users\User\Desktop\django-aiogram-bot\staticfiles\grappelli\tinymce\jscripts\tiny_mce\themes\advanced\skins\grappelli\content.css", "CSS", 0, 0, 0, 4, 0, 0, 0, 0, 24, 3, 31
"c:\Users\User\Desktop\django-aiogram-bot\staticfiles\grappelli\tinymce\jscripts\tiny_mce\themes\advanced\skins\grappelli\content_base.css", "CSS", 0, 0, 0, 41, 0, 0, 0, 0, 6, 9, 56
"c:\Users\User\Desktop\django-aiogram-bot\staticfiles\grappelli\tinymce\jscripts\tiny_mce\themes\advanced\skins\grappelli\content_documentstructure.css", "CSS", 0, 0, 0, 66, 0, 0, 0, 0, 2, 5, 73
"c:\Users\User\Desktop\django-aiogram-bot\staticfiles\grappelli\tinymce\jscripts\tiny_mce\themes\advanced\skins\grappelli\content_documentstructure_cs.css", "CSS", 0, 0, 0, 12, 0, 0, 0, 0, 2, 4, 18
"c:\Users\User\Desktop\django-aiogram-bot\staticfiles\grappelli\tinymce\jscripts\tiny_mce\themes\advanced\skins\grappelli\content_documentstructure_de.css", "CSS", 0, 0, 0, 12, 0, 0, 0, 0, 2, 3, 17
"c:\Users\User\Desktop\django-aiogram-bot\staticfiles\grappelli\tinymce\jscripts\tiny_mce\themes\advanced\skins\grappelli\content_documentstructure_en.css", "CSS", 0, 0, 0, 12, 0, 0, 0, 0, 2, 3, 17
"c:\Users\User\Desktop\django-aiogram-bot\staticfiles\grappelli\tinymce\jscripts\tiny_mce\themes\advanced\skins\grappelli\content_documentstructure_pl.css", "CSS", 0, 0, 0, 12, 0, 0, 0, 0, 2, 4, 18
"c:\Users\User\Desktop\django-aiogram-bot\staticfiles\grappelli\tinymce\jscripts\tiny_mce\themes\advanced\skins\grappelli\content_grid.css", "CSS", 0, 0, 0, 52, 0, 0, 0, 0, 19, 15, 86
"c:\Users\User\Desktop\django-aiogram-bot\staticfiles\grappelli\tinymce\jscripts\tiny_mce\themes\advanced\skins\grappelli\content_typography.css", "CSS", 0, 0, 0, 64, 0, 0, 0, 0, 25, 13, 102
"c:\Users\User\Desktop\django-aiogram-bot\staticfiles\grappelli\tinymce\jscripts\tiny_mce\themes\advanced\skins\grappelli\customized.css", "CSS", 0, 0, 0, 7, 0, 0, 0, 0, 11, 4, 22
"c:\Users\User\Desktop\django-aiogram-bot\staticfiles\grappelli\tinymce\jscripts\tiny_mce\themes\advanced\skins\grappelli\dialog.css", "CSS", 0, 0, 0, 21, 0, 0, 0, 0, 28, 6, 55
"c:\Users\User\Desktop\django-aiogram-bot\staticfiles\grappelli\tinymce\jscripts\tiny_mce\themes\advanced\skins\grappelli\ui.css", "CSS", 0, 0, 0, 404, 0, 0, 0, 0, 53, 76, 533
"c:\Users\User\Desktop\django-aiogram-bot\staticfiles\grappelli\tinymce\jscripts\tiny_mce\themes\advanced\skins\highcontrast\content.css", "CSS", 0, 0, 0, 23, 0, 0, 0, 0, 0, 2, 25
"c:\Users\User\Desktop\django-aiogram-bot\staticfiles\grappelli\tinymce\jscripts\tiny_mce\themes\advanced\skins\highcontrast\dialog.css", "CSS", 0, 0, 0, 83, 0, 0, 0, 0, 11, 13, 107
"c:\Users\User\Desktop\django-aiogram-bot\staticfiles\grappelli\tinymce\jscripts\tiny_mce\themes\advanced\skins\highcontrast\ui.css", "CSS", 0, 0, 0, 78, 0, 0, 0, 0, 12, 17, 107
"c:\Users\User\Desktop\django-aiogram-bot\staticfiles\grappelli\tinymce\jscripts\tiny_mce\themes\advanced\skins\o2k7\content.css", "CSS", 0, 0, 0, 44, 0, 0, 0, 0, 1, 4, 49
"c:\Users\User\Desktop\django-aiogram-bot\staticfiles\grappelli\tinymce\jscripts\tiny_mce\themes\advanced\skins\o2k7\dialog.css", "CSS", 0, 0, 0, 95, 0, 0, 0, 0, 11, 13, 119
"c:\Users\User\Desktop\django-aiogram-bot\staticfiles\grappelli\tinymce\jscripts\tiny_mce\themes\advanced\skins\o2k7\ui.css", "CSS", 0, 0, 0, 193, 0, 0, 0, 0, 15, 15, 223
"c:\Users\User\Desktop\django-aiogram-bot\staticfiles\grappelli\tinymce\jscripts\tiny_mce\themes\advanced\skins\o2k7\ui_black.css", "CSS", 0, 0, 0, 7, 0, 0, 0, 0, 1, 0, 8
"c:\Users\User\Desktop\django-aiogram-bot\staticfiles\grappelli\tinymce\jscripts\tiny_mce\themes\advanced\skins\o2k7\ui_silver.css", "CSS", 0, 0, 0, 4, 0, 0, 0, 0, 1, 1, 6
"c:\Users\User\Desktop\django-aiogram-bot\staticfiles\grappelli\tinymce\jscripts\tiny_mce\themes\advanced\source_editor.htm", "HTML", 25, 0, 0, 0, 0, 0, 0, 0, 0, 2, 27
"c:\Users\User\Desktop\django-aiogram-bot\staticfiles\grappelli\tinymce\jscripts\tiny_mce\themes\simple\editor_template.js", "JavaScript", 0, 0, 1, 0, 0, 0, 0, 0, 0, 0, 1
"c:\Users\User\Desktop\django-aiogram-bot\staticfiles\grappelli\tinymce\jscripts\tiny_mce\themes\simple\editor_template_src.js", "JavaScript", 0, 0, 57, 0, 0, 0, 0, 0, 13, 14, 84
"c:\Users\User\Desktop\django-aiogram-bot\staticfiles\grappelli\tinymce\jscripts\tiny_mce\themes\simple\langs\en.js", "JavaScript", 0, 0, 1, 0, 0, 0, 0, 0, 0, 0, 1
"c:\Users\User\Desktop\django-aiogram-bot\staticfiles\grappelli\tinymce\jscripts\tiny_mce\themes\simple\skins\default\content.css", "CSS", 0, 0, 0, 20, 0, 0, 0, 0, 1, 5, 26
"c:\Users\User\Desktop\django-aiogram-bot\staticfiles\grappelli\tinymce\jscripts\tiny_mce\themes\simple\skins\default\ui.css", "CSS", 0, 0, 0, 21, 0, 0, 0, 0, 6, 6, 33
"c:\Users\User\Desktop\django-aiogram-bot\staticfiles\grappelli\tinymce\jscripts\tiny_mce\themes\simple\skins\o2k7\content.css", "CSS", 0, 0, 0, 13, 0, 0, 0, 0, 1, 4, 18
"c:\Users\User\Desktop\django-aiogram-bot\staticfiles\grappelli\tinymce\jscripts\tiny_mce\themes\simple\skins\o2k7\ui.css", "CSS", 0, 0, 0, 24, 0, 0, 0, 0, 6, 6, 36
"c:\Users\User\Desktop\django-aiogram-bot\staticfiles\grappelli\tinymce\jscripts\tiny_mce\tiny_mce.js", "JavaScript", 0, 0, 1, 0, 0, 0, 0, 0, 0, 0, 1
"c:\Users\User\Desktop\django-aiogram-bot\staticfiles\grappelli\tinymce\jscripts\tiny_mce\tiny_mce_popup.js", "JavaScript", 0, 0, 1, 0, 0, 0, 0, 0, 2, 2, 5
"c:\Users\User\Desktop\django-aiogram-bot\staticfiles\grappelli\tinymce\jscripts\tiny_mce\tiny_mce_src.js", "JavaScript", 0, 0, 13458, 0, 0, 0, 0, 0, 1610, 3967, 19035
"c:\Users\User\Desktop\django-aiogram-bot\staticfiles\grappelli\tinymce\jscripts\tiny_mce\utils\editable_selects.js", "JavaScript", 0, 0, 48, 0, 0, 0, 0, 0, 9, 14, 71
"c:\Users\User\Desktop\django-aiogram-bot\staticfiles\grappelli\tinymce\jscripts\tiny_mce\utils\form_utils.js", "JavaScript", 0, 0, 146, 0, 0, 0, 0, 0, 12, 53, 211
"c:\Users\User\Desktop\django-aiogram-bot\staticfiles\grappelli\tinymce\jscripts\tiny_mce\utils\mctabs.js", "JavaScript", 0, 0, 111, 0, 0, 0, 0, 0, 15, 36, 162
"c:\Users\User\Desktop\django-aiogram-bot\staticfiles\grappelli\tinymce\jscripts\tiny_mce\utils\validate.js", "JavaScript", 0, 0, 176, 0, 0, 0, 0, 0, 22, 55, 253
"c:\Users\User\Desktop\django-aiogram-bot\staticfiles\grappelli\tinymce_setup\tinymce_setup.js", "JavaScript", 0, 0, 76, 0, 0, 0, 0, 0, 49, 22, 147
"c:\Users\User\Desktop\django-aiogram-bot\staticfiles\tilda\tilda-blocks-page29693562.min.css@t=1660664639.css", "CSS", 0, 0, 0, 1, 0, 0, 0, 0, 0, 0, 1
"c:\Users\User\Desktop\django-aiogram-bot\templates\admin\stats.html", "HTML", 22, 0, 0, 0, 0, 0, 0, 0, 0, 4, 26
"c:\Users\User\Desktop\django-aiogram-bot\templates\django\contrib\admin\stats.html", "HTML", 9, 0, 0, 0, 0, 0, 0, 0, 0, 1, 10
"c:\Users\User\Desktop\django-aiogram-bot\templates\index.html", "HTML", 27, 0, 0, 0, 0, 0, 0, 0, 0, 1, 28
"c:\Users\User\Desktop\django-aiogram-bot\templates\lending_files\__1.svg", "XML", 0, 1, 0, 0, 0, 0, 0, 0, 0, 0, 1
"c:\Users\User\Desktop\django-aiogram-bot\templates\lending_files\__16.svg", "XML", 0, 1, 0, 0, 0, 0, 0, 0, 0, 0, 1
"c:\Users\User\Desktop\django-aiogram-bot\templates\lending_files\__20.svg", "XML", 0, 1, 0, 0, 0, 0, 0, 0, 0, 0, 1
"c:\Users\User\Desktop\django-aiogram-bot\templates\lending_files\css2.css", "CSS", 0, 0, 0, 196, 0, 0, 0, 0, 28, 1, 225
"c:\Users\User\Desktop\django-aiogram-bot\templates\lending_files\jquery-1.js", "JavaScript", 0, 0, 3, 0, 0, 0, 0, 0, 2, 1, 6
"c:\Users\User\Desktop\django-aiogram-bot\templates\lending_files\lazyload-1.js", "JavaScript", 0, 0, 1, 0, 0, 0, 0, 0, 0, 1, 2
"c:\Users\User\Desktop\django-aiogram-bot\templates\lending_files\template_illustratio.svg", "XML", 0, 1, 0, 0, 0, 0, 0, 0, 0, 0, 1
"c:\Users\User\Desktop\django-aiogram-bot\templates\lending_files\template_illustratio_002.svg", "XML", 0, 1, 0, 0, 0, 0, 0, 0, 0, 0, 1
"c:\Users\User\Desktop\django-aiogram-bot\templates\lending_files\template_illustratio_003.svg", "XML", 0, 1, 0, 0, 0, 0, 0, 0, 0, 0, 1
"c:\Users\User\Desktop\django-aiogram-bot\templates\lending_files\tilda-blocks-page29693562.css", "CSS", 0, 0, 0, 1, 0, 0, 0, 0, 0, 0, 1
"c:\Users\User\Desktop\django-aiogram-bot\templates\lending_files\tilda-blocks-page29693562.js", "JavaScript", 0, 0, 8, 0, 0, 0, 0, 0, 0, 0, 8
"c:\Users\User\Desktop\django-aiogram-bot\templates\lending_files\tilda-events-1.js", "JavaScript", 0, 0, 1, 0, 0, 0, 0, 0, 0, 0, 1
"c:\Users\User\Desktop\django-aiogram-bot\templates\lending_files\tilda-fallback-1.js", "JavaScript", 0, 0, 1, 0, 0, 0, 0, 0, 0, 1, 2
"c:\Users\User\Desktop\django-aiogram-bot\templates\lending_files\tilda-forms-1.css", "CSS", 0, 0, 0, 1, 0, 0, 0, 0, 0, 0, 1
"c:\Users\User\Desktop\django-aiogram-bot\templates\lending_files\tilda-forms-1.js", "JavaScript", 0, 0, 1, 0, 0, 0, 0, 0, 0, 0, 1
"c:\Users\User\Desktop\django-aiogram-bot\templates\lending_files\tilda-grid-3.css", "CSS", 0, 0, 0, 1, 0, 0, 0, 0, 0, 0, 1
"c:\Users\User\Desktop\django-aiogram-bot\templates\lending_files\tilda-menu-1.js", "JavaScript", 0, 0, 1, 0, 0, 0, 0, 0, 0, 0, 1
"c:\Users\User\Desktop\django-aiogram-bot\templates\lending_files\tilda-scripts-3.js", "JavaScript", 0, 0, 1, 0, 0, 0, 0, 0, 0, 0, 1
"c:\Users\User\Desktop\django-aiogram-bot\templates\lending_files\tilda-stat-1.js", "JavaScript", 0, 0, 1, 0, 0, 0, 0, 0, 0, 0, 1
"c:\Users\User\Desktop\django-aiogram-bot\templates\lending_files\tilda-zero-1.js", "JavaScript", 0, 0, 1, 0, 0, 0, 0, 0, 0, 0, 1
"c:\Users\User\Desktop\django-aiogram-bot\templates\lending_files\tilda-zero-forms-1.js", "JavaScript", 0, 0, 61, 0, 0, 0, 0, 0, 0, 0, 61
"c:\Users\User\Desktop\django-aiogram-bot\templates\templates\lending.html", "HTML", 181, 0, 0, 0, 0, 0, 0, 0, 1, 2, 184
"Total", "-", 7724, 200, 76507, 8654, 72, 44, 6, 3719, 14661, 22587, 134174